"source_document_name","page_number","content_type","content"
"doc3.md","1","heading 1","สปสช."
"doc3.md","1","heading 2","สำนักงานหลักประกันสุขภาพแห่งชาติ"
"doc3.md","1","heading 3"," แนวทางการขอรับค่าใช้จ่ายเพื่อบริการสาธารณสุข"
"doc3.md","1","text","ในระบบหลักประกันสุขภาพแห่งชาติ"
"doc3.md","1","Bulleted List","ปีงบประมาณ 2568**"
"doc3.md","1","heading 2","สำนักงานหลักประกันสุขภาพแห่งชาติ"
"doc3.md","2","heading 1","ประกาศที่เกี่ยวข้อง"
"doc3.md","2","Bulleted List","ประกาศคณะกรรมการหลักประกันสุขภาพแห่งชาติ เรื่อง ประเภทและขอบเขตของบริการสาธารณสุข พ.ศ.2565 ประกาศ ณ วันที่ 9 พฤษภาคม 2565 และที่เพิ่มเติม"
"doc3.md","2","Bulleted List","ประกาศคณะกรรมการหลักประกันสุขภาพแห่งชาติ เรื่อง การดำเนินงานและการบริหารจัดการกองทุนหลักประกันสุขภาพแห่งชาติ และค่าใช้จ่ายเพื่อบริการสาธารณสุข ประจำปีงบประมาณ พ.ศ. 2568 ประกาศ ณ วันที่ 8 ตุลาคม 2567"
"doc3.md","2","Bulleted List","ประกาศสำนักงานหลักประกันสุขภาพแห่งชาติ เกี่ยวกับหลักเกณฑ์และเงื่อนไขการจ่ายบริการสาธารณสุข ภายใต้งบกองทุนหลักประกันสุขภาพแห่งชาติ"
"doc3.md","2","heading 2","แหล่งข้อมูล"
"doc3.md","2","text","https://www.nhso.go.th/page/nhso_payment_condition"
"doc3.md","3","heading 1","ดาวน์โหลดเอกสารประกาศการจ่ายฯ ทั้งหมดได้ที่"
"doc3.md","3","heading 2","เว็บไซต์สำหรับการดาวน์โหลด"
"doc3.md","3","Bulleted List","https://www.nhso.go.th/page/nhso_payment_condition"
"doc3.md","3","heading 2","ข้อมูลเพิ่มเติม"
"doc3.md","3","Bulleted List","หน้าหลัก: สำหรับประชาชน"
"doc3.md","3","Bulleted List","สำหรับหน่วยบริการ: เกี่ยวกับองค์กร"
"doc3.md","3","Bulleted List","สื่อสารองค์กร: เครือข่ายสปสช."
"doc3.md","3","Bulleted List","ธุรมาภิบาล: "
"doc3.md","3","heading 2","รายการประกาศบริหารกองทุนและการจ่ายค่าใช้จ่ายเพื่อบริการสาธารณสุข"
"doc3.md","3","Bulleted List","สามารถดูรายละเอียดและ Download ได้ที่เว็บไซต์ https://www.nhso.go.th/page/nhso_payment_condition"
"doc3.md","3","heading 2","ประกาศบริหารกองทุนประจำปีงบประมาณ พ.ศ. 2568"
"doc3.md","3","Bulleted List","ประกาศกองทุน 68 ฉบับที่ 1"
"doc3.md","3","Bulleted List","ประกาศคณะกรรมการหลักประกันสุขภาพแห่งชาติ เรื่อง การดำเนินงานและการบริหารจัดการกองทุนหลักประกันสุขภาพแห่งชาติ และค่าใช้จ่ายเพื่อบริการสาธารณสุข ประจำปีงบประมาณ พ.ศ. 2568"
"doc3.md","3","Bulleted List","รวมประกาศบริหารกองทุน ปีงบประมาณที่ผ่านมา"
"doc3.md","4","heading 1","ประเภทและขอบเขตของบริการสาธารณสุข"
"doc3.md","4","text","ประกาศคณะกรรมการหลักประกันสุขภาพแห่งชาติ เรื่อง ประเภทและขอบเขตของบริการสาธารณสุข พ.ศ.2565"
"doc3.md","4","text","ประกาศ ณ วันที่ 9 พฤษภาคม 2565"
"doc3.md","4","heading 2","ข้อ 4 ประเภทและขอบเขตของบริการสาธารณสุขที่มีความจำเป็นต่อสุขภาพและการดำรงชีวิต ซึ่งบุคคลมีสิทธิจะได้รับตามกฎหมายว่าด้วยหลักประกันสุขภาพแห่งชาติ และหน่วยบริการสามารถรับคำใช้จ่ายเพื่อบริการสาธารณสุขตามที่คณะกรรมการหลักประกันสุขภาพแห่งชาติกำหนด ประกอบด้วย 13 รายการ ดังต่อไปนี้"
"doc3.md","4","table","| 1. บริการสร้างเสริมสุขภาพและป้องกันโรค | 7. การกินอยู่ในหน่วยบริการ |"
"doc3.md","4","table","| --- | --- |"
"doc3.md","4","table","| 2. การตรวจวินิจฉัยโรค | 8. การบริบาลทารกแรกเกิด |"
"doc3.md","4","table","| 3. การตรวจและการรับฝากครรภ์ | 9. บริการรถพยาบาล หรือบริการพาหนะรับส่งผู้ป่วย |"
"doc3.md","4","table","| 4. การบำบัดและการบริการทางการแพทย์ | 10. บริการพาหนะรับส่งผู้ทุพพลภาพ |"
"doc3.md","4","table","| 5. ยา เวชภัณฑ์ อุปกรณ์และอุปกรณ์ทางการแพทย์ | 11. การฟื้นฟูสมรรถภาพร่างกายและจิตใจ |"
"doc3.md","4","table","| 6. การทำคลอด | 12. บริการสาธารณสุขด้านการแพทย์แผนไทยและการแพทย์ทางเลือกฯ |"
"doc3.md","4","table","| 13. บริการสาธารณสุขอื่นที่จำเป็นต่อสุขภาพและการดำรงชีวิตที่ คกก.หลักประกันสุขภาพแห่งชาติกำหนด |"
"doc3.md","5","heading 1","บริการสาธารณสุขที่ไม่อยู่ในประเภทและขอบเขตของบริการสาธารณสุข"
"doc3.md","5","heading 2","กองทุนหลักประกันสุขภาพแห่งชาติได้"
"doc3.md","5","text","ประกาศคณะกรรมการหลักประกันสุขภาพแห่งชาติ เรื่อง ประเภทและขอบเขตของบริการสาธารณสุข พ.ศ.2565"
"doc3.md","5","text","ประกาศ ณ วันที่ 9 พฤษภาคม 2565"
"doc3.md","5","heading 3"," ข้อ 5 บริการสาธารณสุข ดังต่อไปนี้ ไม่อยู่ในประเภทและขอบเขตของบริการสาธารณสุขที่สามารถรับค่าใช้จ่ายเพื่อ"
"doc3.md","5","Bulleted List","บริการสาธารณสุขจากกองทุนหลักประกันสุขภาพแห่งชาติได้"
"doc3.md","5","list_item","(1) การกระทำใดๆ เพื่อความสวยงามโดยไม่มีข้อบกพร่องซึ่งทางการแพทย์กำหนด"
"doc3.md","5","list_item","(2) การตรวจวินิจฉัยและการรักษาใดๆ ที่เกินความจำเป็นจากข้อบกพร่องซึ่งทางการแพทย์กำหนด"
"doc3.md","5","list_item","(3) การรักษาที่อยู่ระหว่างการค้นคว้าทดลอง"
"doc3.md","5","list_item","(4) การปลูกถ่ายอวัยวะที่นอกเหนือจากรายการที่กำหนด"
"doc3.md","5","list_item","(5) การบริการทางการแพทย์อื่น ตามที่คณะกรรมการหลักประกันสุขภาพแห่งชาติกำหนด"
"doc3.md","6","heading 1","การดำเนินงานและการบริหารจัดการกองทุน ปีงบประมาณ 2568"
"doc3.md","6","text","ประกาศคณะกรรมการหลักประกันสุขภาพแห่งชาติ เรื่อง การดำเนินงานและการบริหารจัดการกองทุน"
"doc3.md","6","text","หลักประกันสุขภาพแห่งชาติ และค่าใช้จ่ายเพื่อบริการสาธารณสุข ประจำปีงบประมาณ พ.ศ. 2568"
"doc3.md","6","text","ประกาศ ณ วันที่ 8 ตุลาคม 2567 (ใช้บังคับตั้งแต่วันที่ 1 ตุลาคม 2567 เป็นต้นไป)"
"doc3.md","6","heading 2","กำหนดหลักเกณฑ์การดำเนินงานและการบริหารจัดการกองทุนหลักประกันสุขภาพแห่งชาติ"
"doc3.md","6","text","และกำหนดหลักเกณฑ์ วิธีการ และเงื่อนไขในการได้รับค่าใช้จ่ายเพื่อบริการสาธารณสุขของหน่วย"
"doc3.md","6","text","บริการ สถานบริการ หน่วยงาน และองค์กรที่มีสิทธิได้รับค่าใช้จ่ายจากกองทุนหลักประกันสุขภาพ"
"doc3.md","6","text","แห่งชาติ ประจำปีงบประมาณ พ.ศ.2568 เพื่อให้ผู้รับบริการสาธารณสุขในระบบหลักประกันสุขภาพ"
"doc3.md","6","text","แห่งชาติสามารถเข้าถึงบริการสาธารณสุขได้อย่างทั่วถึงและมีประสิทธิภาพ"
"doc3.md","7","heading 1","การเข้ารับบริการของผู้มีสิทธิ"
"doc3.md","7","heading 2","1. เข้ารับบริการที่หน่วยบริการประจำที่ลงทะเบียนไว้ ในกรณีอุบัติเหตุ เจ็บป่วยฉุกเฉิน หรือกรณีที่มีเหตุสมควร สามารถเข้ารับบริการที่ใดก็ได้"
"doc3.md","7","heading 2","2. กรณีอุบัติเหตุจริงต้องใช้สิทธิตาม พรบ. ผู้ประสบภัยจากรถนครบวงเงิน คุ้มครองความเสียหายเบื้องต้นก่อน"
"doc3.md","7","heading 2","3. สามารถเข้ารับบริการสถานบริการอื่นได้ในกรณีอุบัติเหตุฉุกเฉิน หรือกรณีเหตุอันสมควร (มาตรา 7 และ UCEP)"
"doc3.md","8","heading 1","เกณฑ์การจัดทำข้อมูลเพื่อขอรับค่าใช้จ่าย"
"doc3.md","8","heading 2","1. ใช้รหัสวินิจฉัยโรคตาม ICD-10 ของ WHO ปี 2016 และ ICD-10-TM"
"doc3.md","8","heading 2","2. ใช้รหัสการทำผ่าตัดและหัตถการตาม ICD9-CM ปี 2015"
"doc3.md","8","heading 2","3. หากไม่อยู่ใน รพ. เกิน 24 ชั่วโมง ถือเป็นการลากลับบ้าน (Leave day) และต้องหักลาออกจาก การ Admit ครั้งนั้น"
"doc3.md","8","heading 2","4. หน่วยบริการต้องจัดทำ Drug catalogue และบันทึกข้อมูลขอรับค่าใช้จ่ายเป็นรายการ สำหรับ การเบิกจ่ายในกรณีที่ สปสช.กำหนด"
"doc3.md","8","heading 2","5. การให้บริการผู้ป่วยนอก แล้วต่อมาจับไว้เป็นผู้ป่วยใน ภายใน 24 ชม. ให้ขอรับค่าใช้จ่ายเป็น ผู้ป่วยใน"
"doc3.md","9","heading 1","เกณฑ์การจัดทำข้อมูลเพื่อขอรับค่าใช้จ่าย"
"doc3.md","9","heading 2","สำนักงานหลักประกันสุขภาพแห่งชาติ"
"doc3.md","9","text","6. กรุณาผู้ป่วยในใช้ DRGs Version 6.3 ในการคำนวณจ่าย"
"doc3.md","9","text","7. การจ่ายค่าใช้จ่าย จ่ายตามข้อมูลที่ส่งมาในแต่ละเดือน (sent date)"
"doc3.md","9","text","8. การส่งข้อมูลขอรับค่าใช้จ่าย : ส่งข้อมูลภายใน 31 ธันวาคม 2568"
"doc3.md","9","text","9. จัดให้ผู้มีสิทธิแสดงตนยืนยันสิทธิเมื่อสิ้นสุดการรับบริการ เว้นแต่กรณีมีเหตุจำเป็นที่ไม่อาจหลีกเลี่ยงได้"
"doc3.md","9","text","10. มีการตรวจสอบก่อนการจ่าย (Pre audit) : ผ่านระบบ On Screen Review"
"doc3.md","9","text","11. มีการตรวจสอบหลังการจ่าย (Post audit)"
"doc3.md","10","heading 1","บริการผู้ป่วยใน"
"doc3.md","10","heading 2","สปสช."
"doc3.md","10","text","สำนักงานหลักประกันสุขภาพแห่งชาติ"
"doc3.md","10","heading 3"," หลักเกณฑ์"
"doc3.md","10","text","วิธีการ เงื่อนไข การขอรับค่าใช้จ่ายฯ"
"doc3.md","11","heading 1","บริการผู้ป่วยใน (IP)"
"doc3.md","11","heading 2","ประกาศสำนักงานหลักประกันสุขภาพแห่งชาติ"
"doc3.md","11","text","เรื่อง การจ่ายค่าใช้จ่ายเพื่อบริการสาธารณสุข กรณีผู้ป่วยในทั่วไป พ.ศ. 2567"
"doc3.md","11","heading 3"," ประกอบด้วยบริการ ดังนี้"
"doc3.md","11","Bulleted List","บริการผู้ป่วยในที่หน่วยบริการประจำ และการรับส่งต่อผู้ป่วยในระหว่างหน่วยบริการ**"
"doc3.md","11","Bulleted List","บริการรักษาผู้ป่วยโรคนิ่วเพื่อนำนิ่วออกจากระบบทางเดินปัสสาวะด้วยเครื่องสลายนิ่ว**"
"doc3.md","11","Bulleted List","บริการกรณีสาร้องเตียง (ระบบศูนย์ประสานการส่งต่อ)**"
"doc3.md","11","Bulleted List","บริการกรณีเด็กแรกเกิด**"
"doc3.md","11","Bulleted List","บริการกรณีนวัตกรรมย่านโยธี (เฉพาะเขต 13 กทม.)**"
"doc3.md","11","Bulleted List","บริการรักษาผู้ป่วยมะเร็งลำไส้ใหญ่ด้วยยาเคมีบำบัดสำหรับที่บ้าน**"
"doc3.md","12","heading 1","บริการผู้ป่วยในที่หน่วยบริการประจำ และการรับส่งต่อผู้ป่วยในระหว่างหน่วยบริการ"
"doc3.md","12","heading 2","บริการปี 2567 และ 2568"
"doc3.md","12","Bulleted List","บริการผู้ป่วยในโดยหน่วยบริการประจำ และ บริการรับส่งต่อผู้ป่วยในภายในเขต"
"doc3.md","12","Bulleted List","ได้รับค่าใช้จ่าย ตามระบบกลุ่มวินิจฉัยโรคร่วม (DRGs) โดยใช้ค่าน้ำหนักสัมพัทธ์ที่ปรับค่าตามวันนอน (Adj.RW) อัตราที่ได้รับต่อนี้ยังหน่วยสัมพัทธ์ ขึ้นอยู่กับวงเงินระดับเขตของแต่ละเขตและผลงานการส่งช้อมูลผู้ป่วย ในแต่ละเดือน (sent date) ภายใต้ระบบ DRGs with Global Budget"
"doc3.md","12","Bulleted List","จ่ายชดเชยเบื้องต้นในอัตรา 8,350 บาท/AdjRW"
"doc3.md","12","Bulleted List","ส่งกัดสำนักงานปลัดกระทรวงสาธารณสุข จะคำนวณจ่ายตามค่าถ้วงน้ำหนัก (ค่า K)"
"doc3.md","12","Bulleted List","บริการรับส่งต่อผู้ป่วยในข้ามเขต"
"doc3.md","12","Bulleted List","หน่วยบริการทุกสังกัด (ไม่ปรับลดค่าแรง) อัตราจ่าย 9,600 บาท/AdjRW"
"doc3.md","12","Bulleted List","ยกเว้นกรณีการให้บริการสิทธิ์อยู่ทหารกองประจำการสังกัดกรมแพทย์ทหารเรือ และกรมแพทย์ทหารอากาศ ไม่มีอัตราจ่ายข้ามเขต โดยให้ถือเสมอเนื่องเป็นการให้บริการภายในเขตทุกราย"
"doc3.md","13","heading 1","บริการรักษาผู้ป่วยโรคนิ่วเพื่อนำนิ่วออกจากระบบทางเดินปัสสาวะด้วยเครื่องสลายนิ่ว"
"doc3.md","13","heading 2","บริการปี 2567"
"doc3.md","13","table","| หลักเกณฑ์เงื่อนไข | การให้บริการแก่ผู้รับบริการได้รับการวินิจฉัยว่าเป็นโรคนิ่วในระบบทางเดินปัสสาวะ |"
"doc3.md","13","table","| --- | --- |"
"doc3.md","13","table","| ผู้มีสิทธิ | สิทธิหลักประกันสุขภาพแห่งชาติ และสิทธิผู้ประกันตนคนไทย (D1) |"
"doc3.md","13","table","| หน่วยบริการ | หน่วยบริการในระบบหลักประกันสุขภาพแห่งชาติ |"
"doc3.md","13","table","| อัตราจ่าย | - หน่วยบริการภาครัฐ เหมาจ่ายครั้งละ 6,500 บาท ต่อครั้งจ่ายไม่เกินช้างละ 4 ครั้งต่อคนต่อปี<br>- หน่วยบริการภาคเอกชน เหมาจ่าย 16,000 บาท ต่อการสลายนิ่วในไต้หนึ่งช้างต่อคนต่อปี โดยไม่จำกัดจำนวนครั้ง (Episode) หน่วยบริการจะต้องส่งข้อมูลเพื่อขอรับค่าใช้จ่ายเมื่อให้บริการสลายนิ่วสำเร็จเท่านั้น กรณีสลายนิ่วไม่สำเร็จต้องมีการให้บริการมากกว่า 3 ครั้ง และมีหลักฐานการเปลี่ยนแปลงวิธีการรักษา<br>**กรณีการรักษานิ่วด้วยวิธีการผ่าตัดแบบเปิด (Open surgery) หรือผ่าตัดด้วยกล้อง (PCNL) รวมทั้งการรักษาด้วยวิธีส่องกล้อง คำนวณจ่ายด้วยระบบ DRGs ตามค่า Adj.RW เช่นเดียวกับกรณี IP Normal*** |"
"doc3.md","13","table","| โปรแกรม | e-Claim |"
"doc3.md","13","heading 2","บริการปี 2568"
"doc3.md","13","table","| หลักเกณฑ์เงื่อนไข | เหมือนเดิม |"
"doc3.md","13","table","| --- | --- |"
"doc3.md","13","table","| ผู้มีสิทธิ | - |"
"doc3.md","13","table","| หน่วยบริการ | - |"
"doc3.md","13","table","| อัตราจ่าย | - |"
"doc3.md","13","table","| โปรแกรม | - |"
"doc3.md","14","heading 1","บริการกรณีสำรองเตียง (ระบบศูนย์ประสานการส่งต่อ)"
"doc3.md","14","heading 2","บริการปี 2567"
"doc3.md","14","Bulleted List","หลักเกณฑ์เงื่อนไข**"
"doc3.md","14","Bulleted List","เป็นการส่งต่อกรณีผู้ป่วยใน ไปยังหน่วยบริการที่เข้าร่วมเป็นสถานบริการสำรองเตียง ใน ระบบหลักประกันสุขภาพแห่งชาติ"
"doc3.md","14","Bulleted List","ผู้มีสิทธิ**"
"doc3.md","14","Bulleted List","สิทธิหลักประกันสุขภาพแห่งชาติ รวมสิทธิว่าง (PUC) และสิทธิผู้ประกันตนคนพิการ (D1)"
"doc3.md","14","Bulleted List","หน่วยบริการ**"
"doc3.md","14","Bulleted List","สถานพยาบาลของเอกชน หรือสถานบริการอื่น ที่สมัครเข้าร่วมเป็นสถานบริการสำรอง เตียง ผ่านการตรวจมาตรฐานตามเกณฑ์ และมีการทำสัญญาให้บริการร่วมกันกับ สำนักงานเขตและเขตตามเงื่อนไขที่สำนักงานกำหนด"
"doc3.md","14","Bulleted List","อัตราจ่าย**"
"doc3.md","14","Bulleted List","1. ตามระบบ DRGs ไม่เกิน 15000 บาท/Adj.RW โดยให้เป็นไปตามอัตราที่มีการเห็นชอบระหว่างสถานบริการอื่นกับสำนักงานเขตแต่ละเขต ทั้งนี้ ในบริการเดียวกันอัตราต้องไม่แตกต่างกัน"
"doc3.md","14","Bulleted List","2. จ่ายเพิ่มรายการ Inst. และค่ารถรับส่งต่อ ตามรายการและอัตราที่สำนักงานประกาศกำหนด"
"doc3.md","14","Bulleted List","โปรแกรม**e-Claim"
"doc3.md","14","heading 2","บริการปี 2568"
"doc3.md","14","Bulleted List","เหมือนเดิม**"
"doc3.md","15","heading 1","บริการกรณีเด็กแรกเกิด"
"doc3.md","15","heading 2","บริการปี 2567"
"doc3.md","15","Bulleted List","หลักเกณฑ์เงื่อนไข**"
"doc3.md","15","Bulleted List","เป็นการให้บริการแก่เด็กแรกเกิดที่มีอายุน้อยกว่าหรือเท่ากับ 28 วัน ณ วันที่เข้ารับบริการ"
"doc3.md","15","Bulleted List","ผู้มีสิทธิ**"
"doc3.md","15","Bulleted List","สิทธิหลักประกันสุขภาพแห่งชาติ รวมสิทธิว่าง (PUC)"
"doc3.md","15","Bulleted List","หน่วยบริการ**"
"doc3.md","15","Bulleted List","หน่วยบริการที่ให้บริการเด็กแรกเกิด"
"doc3.md","15","heading 2","บริการปี 2568"
"doc3.md","15","Bulleted List","หลักเกณฑ์เงื่อนไข**เหมือนเดิม"
"doc3.md","15","Bulleted List","ผู้มีสิทธิหลักประกันสุขภาพแห่งชาติ รวมสิทธิว่าง (PUC)"
"doc3.md","15","Bulleted List","หน่วยบริการที่ให้บริการเด็กแรกเกิด"
"doc3.md","15","heading 2","อัตราจ่าย"
"doc3.md","15","text","1. เด็กแรกเกิดน้ำหนักตัวน้อยกว่า 1,500 กรัม หรือเด็กแรกเกิดที่ป่วย จ่ายในอัตรา 9,000 บาท/Adj.RW"
"doc3.md","15","text","2. เด็กแรกเกิดที่น้ำหนักน้อยกว่า 1,500 กรัม หรือเด็กแรกเกิดที่ป่วย ที่ได้รับหัตถการเพื่อ การรักษาที่จำเป็นและราคาแพงตามเงื่อนไข อัตราจ่าย 12,000 บาท/Adj.RW"
"doc3.md","15","text","3. เด็กแรกเกิดที่นอกเหนือจาก 1 และ 2 จ่ายอัตราภายในเขต โดยจ่ายเบื้องต้น 8,350 บาท/Adj.RW"
"doc3.md","15","text","4. กรณีเด็กแรกเกิดที่มีภาวะความดันเลือดในปอดสูง รักษาด้วยก๊าซไนตริกออกไซด์(PPHN) จ่ายในอัตรา 12,000 บาท/Adj.RW"
"doc3.md","15","heading 2","โปรแกรม"
"doc3.md","15","Bulleted List","e-Claim"
"doc3.md","15","heading 3"," หมายเหตุ :"
"doc3.md","15","text","1. เด็กแรกเกิดที่ป่วย หมายถึง กรณีเด็กแรกเกิดที่ป่วยและมีค่า RW มากกว่า 3 ชั่วโมง"
"doc3.md","15","text","2. เด็กแรกเกิดที่ป่วยได้รับหัตถการเพื่อการรักษาที่จำเป็นและราคาแพง ตาม DRGs 14 กลุ่ม*"
"doc3.md","16","heading 1","บริการกรณีนวัตกรรมย่านโยธี"
"doc3.md","16","heading 2","บริการปี 2567"
"doc3.md","16","Bulleted List","หลักเกณฑ์เงื่อนไข**"
"doc3.md","16","Bulleted List","เป็นการให้บริการแก่ผู้รับบริการที่ได้รับการวินิจฉัยตามโรคที่กำหนดในประกาศ"
"doc3.md","16","Bulleted List","ผู้มีสิทธิ** สิทธิหลักประกันสุขภาพแห่งชาติ และสิทธิผู้ประกันตนคนพิการ (D1)"
"doc3.md","16","Bulleted List","หน่วยบริการ**"
"doc3.md","16","Bulleted List","หน่วยบริการที่มีสิทธิได้รับค่าใช้จ่ายเป็นหน่วยบริการที่มีการบริหารจัดการแบ่งปันทรัพยากรด้านสุขภาพ (Health Resource Sharing) ภายในย่านนวัตกรรมการแพทย์โยธี."
"doc3.md","16","Bulleted List","หน่วยบริการที่ให้บริการผ่าตัด หมายถึง หน่วยบริการที่ผู้ป่วยเข้ารับบริการตรวจวินิจฉัยโรคและผ่าตัด เช่น สถาบันประสาทวิทยา รพ.ราชวิถี รพ.รามาธิบดี รพ.พระมงกุฎเกล้า เป็นต้น"
"doc3.md","16","Bulleted List","หน่วยบริการที่รับดูแลหลังผ่าตัด หมายถึง หน่วยบริการที่รับดูแลผู้ป่วยหลังผ่าตัดจนจำหน่ายเช่น โรงพยาบาลสงฆ์ โรงพยาบาลเวชศาสตร์เขตร้อน สถาบันมะเร็ง เป็นต้น"
"doc3.md","16","Bulleted List","อัตราจ่าย**"
"doc3.md","16","Bulleted List"," 1. หน่วยบริการที่ผ่าตัด/รักษา : จ่ายตามอัตราที่กำหนดในประกาศ"
"doc3.md","16","Bulleted List","2. หน่วยบริการที่รับส่งต่อ : จ่ายตาม DRGs อัตรา 9600 บาท/AdjRW ทั้งกรณีรักษาในเขตและข้ามเขต"
"doc3.md","16","Bulleted List","โปรแกรม** e-Claim"
"doc3.md","16","heading 2","บริการปี 2568"
"doc3.md","16","Bulleted List","เหมือนเดิม**"
"doc3.md","16","heading 3"," Microsoft Excel Worksheet"
"doc3.md","16","Bulleted List","อัตราจ่ายผ่าตัดย่านโยธี**"
"doc3.md","17","heading 1","บริการยาเคมีบำบัดสำหรับผู้ป่วยมะเร็งลำไส้ใหญ่ที่บ้าน (Home Chemotherapy for CA Colon)"
"doc3.md","17","heading 2","บริการปี 2567"
"doc3.md","17","table","| หลักเกณฑ์เงื่อนไข | บริการยาเคมีบำบัดสำหรับผู้ป่วยมะเร็งลำไส้ใหญ่ที่บ้าน (Home Chemotherapy for CA Colon) |"
"doc3.md","17","table","| --- | --- |"
"doc3.md","17","table","| ผู้มีสิทธิ | สิทธิหลักประกันสุขภาพแห่งชาติ และสิทธิผู้ประกันตนคนพิการ (D1) |"
"doc3.md","17","table","| หน่วยบริการ | หน่วยผ่านประเมินศักยภาพให้บริการ Home Chemo (กรมการแพทย์จะแจ้งรายชื่อมายัง สปสช.) |"
"doc3.md","17","table","| อัตราจ่าย | - จ่ายแบบ ODS (จ่ายตามค่า RW) โดยไม่ Deduct DRGs และไม่ Add on ยาเคมีบำบัด<br>- หน่วยบริการ สป.สธ. ไม่ต้องใช้ค่า K ในการคำนวณ<br>- บริการในเขต จ่ายเบื้องต้น 8350 บาท/RW<br>- บริการข้ามเขต จ่าย 9,600 บาท/RW (ไม่ปรับลดค่าแรง) |"
"doc3.md","17","table","| โปรแกรม | e-Claim |"
"doc3.md","17","heading 2","บริการปี 2568"
"doc3.md","17","table","| เหมือนเดิม |  |"
"doc3.md","17","table","| --- | --- |"
"doc3.md","17","table","|  |  |"
"doc3.md","18","heading 1","กรณีการบริการผ่าตัดแบบไม่ค้างคืน ODS"
"doc3.md","18","heading 2","บริการปี 2567"
"doc3.md","18","Bulleted List","หลักเกณฑ์**"
"doc3.md","18","Bulleted List"," เป็นการให้บริการแก่ผู้รับบริการที่ได้รับการวินิจฉัยโรคตามกลุ่มโรค กลุ่ม เงื่อนไข"
"doc3.md","18","Bulleted List"," เป็นการให้บริการที่มีจำนวนวันนอนตั้งแต่สองชั่วโมงแต่ไม่เกินยี่สิบสี่ชั่วโมง"
"doc3.md","18","Bulleted List"," เป็นบริการที่มีรหัสโรค (ICD-10 2010) และรหัสหัตถการ (ICD-9-CM2010) ตามแนบท้ายประกาศ และเฉพาะผู้รับบริการที่ไม่มีภาวะแทรกซ้อน และมี ชนิด การจำหน่าย (Discharge Type) เป็น with approval"
"doc3.md","18","Bulleted List","ผู้มีสิทธิ**"
"doc3.md","18","Bulleted List"," สิทธิหลักประกันสุขภาพแห่งชาติ และสิทธิผู้ประกันตนคนพิการ (D1)"
"doc3.md","18","Bulleted List","หน่วยบริการ**"
"doc3.md","18","Bulleted List"," หน่วยบริการที่มีศักยภาพในการดูแลผู้ป่วย (ตามรายชื่อที่ผ่านตามเกณฑ์การประเมินของกระทรวงสาธารณสุข)"
"doc3.md","18","Bulleted List","อัตราจ่าย**"
"doc3.md","18","Bulleted List"," จ่ายตาม DRGs (TDRGs Version 5) คำนวณอัตราจ่ายตามค่า RW"
"doc3.md","18","Bulleted List"," 1. กรณีในเขตพื้นที่ ตามอัตราภายในเขต 8350 บาท/RW หน่วยบริการของรัฐมี การปรับลดค่าแรง:"
"doc3.md","18","Bulleted List"," 2. กรณีนอกเขตพื้นที่ อัตรา 9600 บาท/RW โดยไม่ปรับลดค่าแรง"
"doc3.md","18","Bulleted List"," 3. กรณีบริการผ่าตัดนิ้วในถุงน้ำดีผ่านกล้อง (LC) ที่สามารถให้บริการผ่าตัดแบบ ไม่ค้างคืนได้ (กลุ่ม DRGs 07100) คำนวณอัตราจ่ายตาม RW บวกเพิ่มค่าคงที่ K = 0.7905"
"doc3.md","18","Bulleted List","โปรแกรม**- e-Claim"
"doc3.md","18","heading 2","บริการปี 2568"
"doc3.md","18","Bulleted List","รหัสโรค (ICD-10 WHO 2016)** และรหัสหัตถการ (ICD-9-CM 2015)"
"doc3.md","18","Bulleted List","เป็นการให้บริการแก่ผู้รับบริการที่ไม่มีภาวะแทรกซ้อนซึ่งกลุ่มโรค"
"doc3.md","19","heading 1","กรณีการบริการผ่าตัดผ่านกล้อง MIS"
"doc3.md","19","heading 2","บริการปี 2567"
"doc3.md","19","Bulleted List","หลักเกณฑ์**"
"doc3.md","19","Bulleted List"," เป็นการให้บริการแก่ผู้รับบริการที่ได้รับการวินิจฉัยโรคตามกลุ่มโรค กลุ่มอาการ และมีการให้บริการผ่าตัดผ่านกล้องตามประกาศ"
"doc3.md","19","Bulleted List"," กรณีบริการภาวะอ้วนที่เป็นโรค หรือโรคอ้วนทุพพลภาพ ต้องขออนุมัติก่อนให้บริการผ่าตัดภาวะอ้วนที่เป็นโรค หรือโรคอ้วนทุพพลภาพ ตามคุณสมบัติของผู้รับบริการ ข้อบ่งชี้ในการรักษา ตามประกาศ"
"doc3.md","19","Bulleted List","ผู้มีสิทธิ**"
"doc3.md","19","Bulleted List"," สิทธิหลักประกันสุขภาพแห่งชาติ และสิทธิผู้ประกันตนคนพิการ (D1)"
"doc3.md","19","Bulleted List","หน่วยบริการ**"
"doc3.md","19","Bulleted List"," หน่วยบริการที่มีศักยภาพในการดูแลผู้ป่วย (ตามรายชื่อที่ผ่านตามเกณฑ์การประเมินของกระทรวงสาธารณสุข)"
"doc3.md","19","Bulleted List","อัตราจ่าย**"
"doc3.md","19","Bulleted List"," จ่ายตาม DRGs (TDRLs Version 5) คำนวณอัตราจ่ายตาม AdjRW โดย จ่ายเพิ่มตามสัดส่วนค่า K ที่เป็นส่วนต่างของน้ำหนักสัมพัทธ์ (RW) ตาม กลุ่ม DRGs ที่กำหนดและจ่ายจากกองทุนผู้ป่วยในระดับเขตพื้นที่ ดังนี้"
"doc3.md","19","Bulleted List","1. กรณีในเขตพื้นที่ อัตรา 8350 บาท/AdjRW หน่วยบริการของรัฐมีการปรับลดค่าแรง"
"doc3.md","19","Bulleted List","2. กรณีนอกเขต อัตรา 9600 บาท/AdjRW โดยไม่ปรับลดค่าแรง"
"doc3.md","19","Bulleted List","3. สำหรับหน่วยบริการที่ไม่ผ่านการประเมินตามเกณฑ์ที่กำหนด จ่ายตามอัตราบริการผู้ป่วยในทั่วไป (ไม่จ่ายเพิ่มตามสัดส่วนค่า K)"
"doc3.md","19","Bulleted List","โปรแกรม**- e-Claim"
"doc3.md","19","heading 2","บริการปี 2568"
"doc3.md","19","Bulleted List","1. เป็นการให้บริการแก่ผู้รับบริการที่ได้รับการวินิจฉัยโรคตามกลุ่มโรค กลุ่มอาการ และมีการให้บริการผ่าตัดผ่านกล้องตามประกาศ"
"doc3.md","19","Bulleted List","2. กรณีบริการภาวะอ้วนที่เป็นโรค หรือโรคอ้วนทุพพลภาพ ต้องขออนุมัติก่อนให้บริการผ่าตัดภาวะอ้วนที่เป็นโรค หรือโรคอ้วนทุพพลภาพ ตามคุณสมบัติของผู้รับบริการ ข้อบ่งชี้ในการรักษา ตามประกาศ"
"doc3.md","19","Bulleted List","3. กรณีในเขตพื้นที่ อัตรา 8350 บาท/AdjRW หน่วยบริการของรัฐมีการปรับลดค่าแรง"
"doc3.md","19","Bulleted List","4. กรณีนอกเขต อัตรา 9600 บาท/AdjRW โดยไม่ปรับลดค่าแรง"
"doc3.md","19","Bulleted List","5. สำหรับหน่วยบริการที่ไม่ผ่านการประเมินตามเกณฑ์ที่กำหนด จ่ายตามอัตราบริการผู้ป่วยในทั่วไป (ไม่จ่ายเพิ่มตามสัดส่วนค่า K)"
"doc3.md","19","Bulleted List","6. จ่ายตาม DRGs (TDRLs Version 6.3) คำนวณอัตราจ่ายตาม AdjRW ของ TDRLs Version 6.3 และจ่ายจากกองทุนผู้ป่วยในระดับเขตพื้นที่ ดังนี้"
"doc3.md","19","Bulleted List","1. กรณีในเขตพื้นที่ อัตรา 8350 บาท/AdjRW หน่วยบริการของรัฐมีการปรับลดค่าแรง"
"doc3.md","19","Bulleted List","2. กรณีนอกเขต อัตรา 9600 บาท/AdjRW โดยไม่ปรับลดค่าแรง"
"doc3.md","20","heading 1","การดูแลแบบผู้ป่วยในที่บ้าน"
"doc3.md","20","heading 2","บริการปี 2567"
"doc3.md","20","Bulleted List","หลักเกณฑ์** - เงื่อนไข"
"doc3.md","20","Bulleted List"," การให้บริการแบบผู้ป่วยในแก่ผู้รับบริการที่ได้รับการวินิจฉัยโรคตามกลุ่มโรคหรือกลุ่มอาการ ตามข้อบ่งชี้ในแนวทางและมาตรฐานการดูแลผู้ป่วยในที่บ้านที่กระทรวงสาธารณสุขกำหนด ประกอบด้วย 2 กลุ่ม คือ 7 กลุ่มโรคเรื้อรัง ตามที่กำหนด ผู้ป่วยจิตเวชและการบำบัดยาเสพติดที่บ้าน"
"doc3.md","20","Bulleted List","ผู้มีสิทธิหลักประกันสุขภาพแห่งชาติ และสิทธิผู้ประกันตนคนพิการ (D1)"
"doc3.md","20","Bulleted List","หน่วยบริการ**ภาครัฐที่สามารถให้บริการผู้ป่วยใน และผ่านเกณฑ์ประเมินศักยภาพการดูแลแบบผู้ป่วยในที่บ้านตามที่กระทรวงสาธารณสุขกำหนด สำหรับหน่วยบริการที่ให้บริการผ่าตัดใส่ตึ๊งอักเสบเฉียบพลันต้องผ่านการประเมินการให้บริการผ่าตัดแบบวันเดียวกลับตามมาตรฐาน กรมการแพทย์"
"doc3.md","20","Bulleted List","อัตราจ่าย** DRGs อัตรา 8350 บาท/AdjRW ที่ปรับค่าแล้วก่อนมีการปรับลดค่าแรง"
"doc3.md","20","Bulleted List"," กลุ่มจิตเวชและการบำบัดยาเสพติด จ่ายตาม AdjRW โดยจ่ายเพิ่มตามสัดส่วนค่า K ที่เป็นส่วนต่างของน้ำหนักสัมพัทธ์ (RW)"
"doc3.md","20","Bulleted List","โปรแกรม** ส่งข้อมูลเบิก e-Claim และยืนยันตัวตนก่อนเข้ารับบริการ (Authen) และบันทึกกิจกรรมการดูแลที่บ้านในโปรแกรม AMED"
"doc3.md","20","heading 2","บริการปี 2568"
"doc3.md","20","Bulleted List","หลักเกณฑ์**เงื่อนไข"
"doc3.md","20","Bulleted List"," การให้บริการแบบผู้ป่วยในแก่ผู้รับบริการที่ได้รับการวินิจฉัยโรคตามกลุ่มโรคหรือกลุ่มอาการ ตามข้อบ่งชี้ในแนวทางและมาตรฐานการดูแลผู้ป่วยในที่บ้านที่กระทรวงสาธารณสุขกำหนด ประกอบด้วย 2 กลุ่ม คือ 7 กลุ่มโรคเรื้อรัง ตามที่กำหนด ผู้ป่วยจิตเวชและการบำบัดยาเสพติดที่บ้าน"
"doc3.md","20","Bulleted List","ผู้มีสิทธิ**"
"doc3.md","20","Bulleted List"," สิทธิหลักประกันสุขภาพแห่งชาติ และสิทธิผู้ประกันตนคนพิการ (D1)"
"doc3.md","20","Bulleted List","หน่วยบริการ**"
"doc3.md","20","Bulleted List"," หน่วยบริการภาครัฐที่สามารถให้บริการผู้ป่วยใน และผ่านเกณฑ์ประเมินศักยภาพการดูแลแบบผู้ป่วยในที่บ้านตามที่กระทรวงสาธารณสุขกำหนด สำหรับหน่วยบริการที่ให้บริการผ่าตัดใส่ตึ๊งอักเสบเฉียบพลันต้องผ่านการประเมินการให้บริการผ่าตัดแบบวันเดียวกลับตามมาตรฐาน กรมการแพทย์"
"doc3.md","20","Bulleted List","อัตราจ่าย**"
"doc3.md","20","Bulleted List"," 1. จ่ายตาม DRGs (TDRGs Version 6.3) คำนวณอัตราจ่ายตาม AdjRW"
"doc3.md","20","Bulleted List"," 2. อัตราจ่ายเบื้องต้น 8,350 บาท/AdjRW ที่ปรับค่าแล้วก่อนมีการปรับลดค่าแรง"
"doc3.md","20","Bulleted List","โปรแกรม**"
"doc3.md","20","Bulleted List"," ส่งข้อมูลเบิก e-Claim และยืนยันตัวตนก่อนเข้ารับบริการ (Authen) และบันทึกกิจกรรมการดูแลที่บ้านในโปรแกรม AMED"
"doc3.md","20","heading 3"," อยู่ระหว่างการทบทวนประกาศ เพื่อขยายบริการใน 4 กลุ่มโรค ดังนี้"
"doc3.md","20","text","1. ผู้ป่วยโรคปอดอุดกั้นเรื้อรัง (CODP exacerbation)"
"doc3.md","20","Bulleted List","2. ผู้ป่วยระยะกำลังเสียชีวิตที่บ้าน (active dying patients)"
"doc3.md","20","Bulleted List","3. ผู้ป่วยโรคสะเก็ดเงินประเภทผื่นหนาเฉพาะที่ (Psoriasis Vulgaris)"
"doc3.md","20","Bulleted List","4. ผู้ป่วยมะเร็งเต้านมหลังการผ่าตัดมะเร็งเต้านมแบบผ่าตัดวันเดียวกลับด้วยโปรแกรมการดูแลตนเองที่บ้าน (One day surgery in breast cancer patients with home recovery program; ODS BHR program)"
"doc3.md","21","heading 1","กรณีอุบัติเหตุหรือเจ็บป่วยฉุกเฉินตามนโยบาย “เจ็บป่วยฉุกเฉินวิกฤตมีสิทธิทุกที่” ในหน่วยบริการภาครัฐ"
"doc3.md","21","heading 2","บริการปี 2567"
"doc3.md","21","Bulleted List","หลักเกณฑ์**"
"doc3.md","21","Bulleted List"," เป็นการให้บริการแก่ผู้รับบริการ กรณีอุบัติเหตุหรือเจ็บป่วยฉุกเฉินวิกฤต (สีแดง) โดยประเมินตามเกณฑ์ “การคัดแยกผู้ป่วยฉุกเฉินและจัดลำดับการบริบาล ณ ห้องฉุกเฉิน” ของสถาบันการแพทย์ฉุกเฉิน หรือตามดุลยพินิจของแพทย์ที่รักษา"
"doc3.md","21","Bulleted List","เงื่อนไข**"
"doc3.md","21","Bulleted List"," มีสิทธิหลักประกันสุขภาพแห่งชาติ และสิทธิผู้ประกันตนคนพิการ (D1)"
"doc3.md","21","Bulleted List","หน่วยบริการที่ผ่านเกณฑ์**"
"doc3.md","21","Bulleted List"," เป็นไปตามรายชื่อหน่วยบริการที่สำนักงานประกาศกำหนด"
"doc3.md","21","Bulleted List","บริการในเครือข่ายโรงพยาบาลกลุ่มสถาบันแพทยศาสตร์แห่งประเทศไทย (University Hospital Network: UHosNet)** และสถาบันสมทบ"
"doc3.md","21","Bulleted List","อัตราจ่าย**"
"doc3.md","21","Bulleted List"," 1. จ่ายเพิ่มเติมค่าใช้จ่ายที่เกิดขึ้นนับตั้งแต่วันผู้ป่วยฉุกเฉินจนกระทั่งส่งต่อผู้ป่วย หรือเสียชีวิต หรือปฏิเสธการรักษา ในกรณีที่ไม่ได้รับไว้ในหัวผู้ป่วย ตามรายการและอัตราค่าใช้จ่าย ตามประกาศ"
"doc3.md","21","Bulleted List"," 2. จ่ายเพิ่มเติมค่าใช้จ่ายที่เกิดขึ้นนับตั้งแต่วันผู้ป่วยฉุกเฉินวิกฤตที่ห้องฉุกเฉินจนกระทั่งรับไว้ที่หัวผู้ป่วยอีก 24 ชั่วโมง ตามรายการและอัตราค่าใช้จ่าย ตามประกาศ"
"doc3.md","21","Bulleted List"," 3. ค่าใช้จ่ายที่เกิดขึ้นตั้งแต่วันผู้ป่วยฉุกเฉินวิกฤตจนถึงจำหน่าย จ่ายตาม DRGs ตามประกาศ IP ทั่วไป"
"doc3.md","21","Bulleted List"," 4. กรณีที่ผู้ป่วยมีสิทธิได้รับความคุ้มครองตามกฎหมายว่าด้วยการคุ้มครองผู้ประสบภัยจากรถหรือตามกฎหมายว่าด้วยการประกันชีวิต ให้ใช้สิทธิดังกล่าวก่อน"
"doc3.md","21","Bulleted List","โปรแกรม** - e-Claim"
"doc3.md","21","heading 2","บริการปี 2568"
"doc3.md","21","Bulleted List","1. ค่าใช้จ่ายตามระบบกลุ่มวินิจฉัยโรค ร่วม (DRGs) จ่ายตามหลักเกณฑ์ เงื่อนไขกรณีผู้ป่วยในทั่วไป"
"doc3.md","21","Bulleted List","2. ชะลอการจ่ายค่าใช้จ่ายตามรายการ และอัตราจ่าย (Fee schedule)"
"doc3.md","21","Bulleted List","3. ชะลอการจ่ายกรณีการเข้ารับบริการ ประเภทผู้ป่วยนอก ภายในจังหวัด"
"doc3.md","22","heading 1","กรณีบริการรักษาโรคที่มีค่าใช้จ่ายสูงเกินปกติ"
"doc3.md","22","heading 2","บริการปี 2567 และ 2568"
"doc3.md","22","heading 3"," หลักเกณฑ์เงื่อนไข"
"doc3.md","22","text","1. เป็นการจ่ายค่าใช้จ่ายเพิ่มเติมให้กับบริการที่มีความแตกต่างระหว่าง ค่ารักษาพยาบาลกับค่าใช้จ่ายที่ได้รับมากกว่าเกณฑ์ที่กำหนดเฉพาะส่วนที่จ่ายด้วยระบบการวินิจฉัยโรคร่วม (Diagnostic Related Groups: DRGs) Version 5 โดยการกำหนดระดับเริ่มต้นของการจ่ายกรณีค่าใช้จ่ายสูง เกินปกติ ถูกกำหนดไว้ 2 แบบคือ"
"doc3.md","22","Bulleted List","1) ระดับเริ่มต้นของความสูญเสียแบบคงที่ (Fixed outlier loss threshold: FOLT) กรณีที่ความสูญเสีย (Loss) มากกว่าหรือเท่ากับ 1000000 บาท"
"doc3.md","22","Bulleted List","2) ระดับเริ่มต้นของความสูญเสียแบบแปรผัน (Variable outlier loss threshold = VOLT) คำนวณจาก 20 เท่าของจำนวนเงินค่าใช้จ่ายต่อหนึ่งหน่วยน้ำหนักสัมพัทธ์ที่ปรับค่าแล้ว กำหนดไม่เกิน 1000000 บาท หรือร้อยละ 1 ของค่าใช้จ่ายในส่วนระบบการวินิจฉัยโรคร่วม (Diagnostic Related Groups: DRGs) รวมทั้งปี โดยใช้ข้อมูลผู้ป่วยในของปีงบประมาณก่อนหน้า หรือในรอบปีก่อนหน้า"
"doc3.md","22","heading 3","ผู้มีสิทธิหลักประกันสุขภาพแห่งชาติ"
"doc3.md","22","heading 3"," หน่วยบริการ"
"doc3.md","22","Bulleted List","หน่วยบริการที่มีสิทธิได้รับค่าใช้จ่าย เป็นหน่วยบริการที่ให้บริการผู้ป่วยใน"
"doc3.md","22","heading 3"," อัตราจ่าย"
"doc3.md","22","Bulleted List","จ่ายเพิ่มเติมจากงบค่าบริการผู้ป่วยใน โดยคำนวณเพื่อจ่ายค่าใช้จ่าย ดังนี้"
"doc3.md","21","Bulleted List","1) ค่า Reimburse Ratio ของแต่ละหน่วยบริการคูณกับความสูญเสีย หลังการตรวจสอบ (Loss) ในส่วนที่เกินกว่ากึงหงส์ของระดับเริ่มต้นของความสูญเสียโดย Reimburse ratio คือ ค่าที่คำนวณได้จากการเอา base rate ผู้ป่วยในที่จ่ายในปีงบประมาณนั้นหารด้วยค่าใช้จ่ายที่หน่วยบริการ เรียกเก็บต่อน้ำหนักสัมพัทธ์ที่ปรับค่าแล้ว"
"doc3.md","21","Bulleted List","2) สูตรคำนวณ = Reimburse ratio x [Loss - (0.5xOLT)] กำหนดเพดาน Reimburse Ratio ไว้ไม่เกิน 0.8"
"doc3.md","22","heading 3"," โปรแกรม"
"doc3.md","22","Bulleted List","e-Claim"
"doc3.md","23","heading 1","บริการกรณีเฉพาะ (Central Reimbursement)"
"doc3.md","23","heading 2","สปสช."
"doc3.md","23","text","สำนักงานหลักประกันสุขภาพแห่งชาติ"
"doc3.md","23","heading 2","หลักเกณฑ์"
"doc3.md","23","text","วิธีการเงื่อนไข"
"doc3.md","23","text","การขอรับค่าใช้จ่ายฯ"
"doc3.md","24","heading 1","การดูแลแบบประคับประคอง"
"doc3.md","24","heading 2","บริการปี 2567 และ 2568 (อยู่ระหว่างทบทวนประกาศ)"
"doc3.md","24","table","| หลักเกณฑ์เงื่อนไข | การให้บริการแก่ผู้รับบริการที่ได้รับการวินิจฉัยโรคเป็นผู้ป่วยระยะสุดท้าย ที่ต้องได้รับการดูแลแบบประคับประคอง ตามรายการข้อมูลการวินิจฉัยและรหัสโรคลำดพรยาระบุ |"
"doc3.md","24","table","| --- | --- |"
"doc3.md","24","table","| **ไม่สามารถเบิกซึกรถนี้เบิกครบ 6 เดือนแล้ว ยังไม่เสียชีวิต** | |"
"doc3.md","24","table","| ผู้มีสิทธิ | สิทธิหลักประกันสุขภาพแห่งชาติ และสิทธิผู้ประกันตนคนพิการ (D1) |"
"doc3.md","24","table","| **ไม่สามารถเบิกซึกรถนี้เบิกครบ 6 เดือนแล้ว ยังไม่เสียชีวิต** | |"
"doc3.md","24","table","| หน่วยบริการ | หน่วยบริการที่ดูแลแบบประคับประคองด้วยการให้ยากลุ่มอนุพันธ์ฝ่าย |"
"doc3.md","24","table","|   | (1) เป็นหน่วยบริการที่ได้รับใบอนุญาตรอบครอง และจำหน่ายยาเสพติดประเภทที่ 2 หรือประเภทที่ 5 |"
"doc3.md","24","table","|   | (2) เป็นหน่วยบริการที่มีรายการยา Palliative care essential drugs list กลุ่ม Opioids ชนิดออกฤทธิ์ยาวที่กำหนดตามแนวทางการบริหารระบบยาในการดูแลผู้ป่วย |"
"doc3.md","24","table","|   | แบบประคับประคอง (Palliative care) ที่กระทรวงสาธารณสุขกำหนด ครอบคลุม 3 กลุ่ม ดังนี้ |"
"doc3.md","24","table","|   | (ก) มอร์ฟีนรูปแบบรับประทานชนิดออกฤทธิ์ทันทีอย่างน้อย 2 รายการ คือ Morphine syrup และ Morphine tablet immediate release |"
"doc3.md","24","table","|   | (ข) มอร์ฟีนรูปแบบรับประทานชนิดออกฤทธิ์ยาวอย่างน้อย 1 รายการ คือ Morphine tablet sustained release และหรือ Morphine capsule sustained release |"
"doc3.md","24","table","|   | (ค) ยากลุ่มอนุพันธ์ฝ่ายรูปแบบดูดซึมผ่านผิวหนังอย่างน้อย 1 รายการ คือ Fentanyl patch ทั้งนี้ หน่วยบริการต้องมีแพทย์ประจำหรือแพทย์เจ้าของคนไข้ หรือแพทย์นอกเวลา ที่สามารถสั่งจ่ายยาตาม (2) ได้ โดยการสั่งจ่ายควรครอบคลุมอย่างน้อย 1 เดือน |"
"doc3.md","24","table","| อัตราจ่าย | 1. จ่ายในอัตราเดือนละ 1000 บาท/เดือน และหยุดจ่ายเมื่อครบ 6 เดือน |"
"doc3.md","24","table","|   | 2. จ่ายเพิ่มเติมเมื่อผู้ป่วยเสียชีวิต ในอัตรา 3000 บาท หากมีหน่วยบริการส่งข้อมูลบริการมากกว่า 1 แห่งในผู้ป่วยรายเดียวกัน สำนักงาน จะจ่ายเพิ่มเติมให้หน่วยบริการที่ให้บริการผู้ป่วยก่อนเสียชีวิต |"
"doc3.md","24","table","|   | 3. กรณีการให้ยากลุ่มอนุพันธ์ฝ่าย จ่ายเพิ่มเติมแบบเหมาจ่ายในอัตรา 750 บาท/คน/เดือน เป็นรายเดือนทุกเดือนจนกว่าผู้ป่วยจะเสียชีวิต |"
"doc3.md","24","table","| โปรแกรม | e-Claim |"
"doc3.md","25","heading 1","การรักษาด้วยออกซิเจนความกดสูง (Hyperbaric oxygen therapy)"
"doc3.md","25","heading 2","บริการปี 2567"
"doc3.md","25","Bulleted List","หลักเกณฑ์**"
"doc3.md","24","Bulleted List"," การรักษาด้วยออกซิเจนความกดสูง (Hyperbaric oxygen therapy) แก่ผู้รับบริการที่เป็นโรคที่เกิดจากการดำน้ำ (Decompression sickness) ครอบคลุมทั้งบริการผู้ป่วยนอกและผู้ป่วยใน"
"doc3.md","25","Bulleted List","ผู้มีสิทธิ**"
"doc3.md","25","Bulleted List"," สิทธิหลักประกันสุขภาพแห่งชาติ และสิทธิผู้ประกันตนคนพิการ (D1)"
"doc3.md","25","Bulleted List","หน่วยบริการ**"
"doc3.md","25","Bulleted List"," เป็นหน่วยบริการที่สามารถให้บริการรักษาโรค ที่เกิดจากการดำน้ำ (Decompression sickness)"
"doc3.md","25","Bulleted List","อัตราจ่าย**"
"doc3.md","25","Bulleted List"," จ่ายตามค่าใช้จ่ายจริงไม่เกินช่วงของละ 12000 บาท"
"doc3.md","25","Bulleted List","โปรแกรม**- e-Claim"
"doc3.md","25","heading 2","บริการปี 2568"
"doc3.md","25","Bulleted List","เหมือนเดิม**"
"doc3.md","26","heading 1","ผ่าตัดเปลี่ยนกระจกตา"
"doc3.md","26","heading 2","บริการปี 2567"
"doc3.md","26","Bulleted List","หลักเกณฑ์**"
"doc3.md","26","Bulleted List","เป็นการให้บริการแก่ผู้รับบริการโรคกระจกตา ที่ได้รับการบริจาคดวงตาเพื่อใช้ในการผ่าตัดเปลี่ยนกระจกตา"
"doc3.md","26","Bulleted List","เงื่อนไข**"
"doc3.md","26","Bulleted List"," สิทธิหลักประกันสุขภาพแห่งชาติ และสิทธิผู้ประกันตนคนพิการ (D1)"
"doc3.md","26","Bulleted List","หน่วยบริการ**"
"doc3.md","26","Bulleted List"," หน่วยบริการที่เข้าร่วมในเครือข่ายบริการดวงตาร่วมกับศูนย์ดวงตาสภากาชาดไทย"
"doc3.md","26","Bulleted List","อัตราจ่าย**"
"doc3.md","26","Bulleted List","1. ค่าจัดหาดวงตาสำหรับผู้ป่วยผ่าตัดเปลี่ยนกระจกตา ในอัตราดวงตาละ 15000 บาท"
"doc3.md","26","Bulleted List","2. ค่าจัดเตรียมกระจกตาชั้นในสำหรับการปลูกถ่ายกระจกตาชั้นใน (DSAEK) สำหรับผู้ป่วยโรคกระจกตาพิการ ในอัตราดวงตาละ 13000 บาท"
"doc3.md","26","Bulleted List","3. ค่าบริการผ่าตัดเปลี่ยนกระจกตา จ่ายตาม DRGs กรณีผู้ป่วยในทั่วไป"
"doc3.md","26","Bulleted List","โปรแกรม**- e-Claim"
"doc3.md","26","heading 2","บริการปี 2568"
"doc3.md","26","Bulleted List","เหมือนเดิม**"
"doc3.md","26","heading 2","อู่ระหว่างการทบทวนประกาศ เพื่อแยกจ่ายค่าบริการจัดหาดวงตาและจัดเตรียมกระจกตา"
"doc3.md","27","heading 1","บริการนอกเวลาราชการ กรณีผู้ป่วยฉุกเฉินไม่รุนแรง กรณีที่มีเหตุสมควร และกรณีกรณีเจ็บป่วยทั่วไปที่เป็นความจำเป็นของผู้มีสิทธิ (ER คุณภาพ)"
"doc3.md","27","heading 2","บริการปี 2567"
"doc3.md","27","table","| หลักเกณฑ์ | เป็นการให้บริการแก่ผู้ป่วยฉุกเฉินไม่รุนแรง และกรณีที่มีเหตุสมควร นอกเวลาราชการ โดยมีการตรวจคัดแยกดับความฉุกเฉิน และแยกการให้บริการผู้ป่วยไม่รุนแรงและ กรณีที่มีเหตุสมควรออกจากห้องฉุกเฉิน |"
"doc3.md","27","table","| --- | --- |"
"doc3.md","27","table","| ผู้มีสิทธิ | สิทธิหลักประกันสุขภาพแห่งชาติ และสิทธิผู้ประกันตนคนพิการ (D1) |"
"doc3.md","27","table","| หน่วยบริการ | มีคุณสมบัติตามเกณฑ์การประเมินศักยภาพหน่วยบริการ สำหรับการจัดบริการในห้อง บริการแยกจากห้องฉุกเฉินสำหรับบริการสาธารณสุขนอกเวลาราชการ กรณีผู้ป่วย ฉุกเฉินไม่รุนแรง กรณีที่มีเหตุสมควร และกรณีเจ็บป่วยทั่วไปที่เป็นความจำเป็นของผู้มี สิทธิ ที่กระทรวงสาธารณสุขกำหนด |"
"doc3.md","27","table","| อัตราจ่าย | จ่ายในอัตรา 150 บาท/visit ในทุกหน่วยบริการ (รวมทั้งบริการในหน่วยบริการประจำ) |"
"doc3.md","27","table","| โปรแกรม | e-Claim |"
"doc3.md","27","heading 2","บริการปี 2568"
"doc3.md","27","table","| เหมือนเดิม |  |"
"doc3.md","27","table","| --- | --- |"
"doc3.md","27","table","|  |  |"
"doc3.md","28","heading 1","ค่าพาหนะรับส่งต่อระหว่างหน่วยบริการ"
"doc3.md","28","heading 2","บริการปี 2567"
"doc3.md","28","Bulleted List","หลักเกณฑ์**"
"doc3.md","28","Bulleted List"," การส่งต่อผู้ป่วยนอกกรณีฉุบดิเหตุหรือเจ็บป่วยฉุกเฉิน ข้ามจังหวัดหรือกรณีเป็นผู้ป่วยนอก(สิทธิว่าง)"
"doc3.md","28","Bulleted List"," ผู้ป่วยมะเร็งกรณีที่มีเหตุสมควร ในการส่งต่อหรือรับกลับผู้รับบริการระหว่างหน่วยบริการ โดยครอบคลุมถึงการจัดระบบบริการ"
"doc3.md","28","Bulleted List"," ผู้ป่วยมะเร็งที่มารับการรักษาต่อเนื่องในหน่วยบริการ"
"doc3.md","28","Bulleted List"," การรับส่งต่อหรือรับกลับเพื่อมารับการรักษาต่อเนื่อง ในบริการประเภทผู้ป่วยใน ไม่นับรวมการส่งไปตรวจวินิจฉัยหรือทำหัตถการระหว่างการนอนรักษา เป็นผู้ป่วยใน"
"doc3.md","28","Bulleted List"," ผู้รับบริการกรณีเจ็บป่วยฉุกเฉินที่พื้นภาวะวิกฤติหรือเกิดศักยภาพของ สถานบริการอื่น ใช้พาหนะจาก สถานบริการอื่น มารับการรักษาเป็นผู้ป่วยในต่อเนื่องในหน่วยบริการ"
"doc3.md","28","Bulleted List"," การใช้เฮลิคอปเตอร์ หน่วยบริการ ต้องประสานงานเพื่อขออนุมัติจาก สพฉ. โดยเป็นการเคลื่อนย้ายผู้ป่วย ที่มีภาวะวิกฤติเร่งด่วนหรือเกิดศักยภาพจากหน่วยบริการหรือสถานบริการอื่น ไปยังหน่วยบริการที่มีศักยภาพ ไม่รวมกรณีที่เป็นความประสงค์ของผู้ป่วยหรือญาติในขณะที่แพทย์วินิจฉัยแล้วว่าอาการของผู้ป่วย ไม่อยู่ในภาวะวิกฤติ"
"doc3.md","28","Bulleted List","ผู้มีสิทธิ**"
"doc3.md","28","Bulleted List"," สิทธิหลักประกันสุขภาพแห่งชาติ และสิทธิผู้ประกันตนคนพิการ (D1)"
"doc3.md","28","Bulleted List","หน่วยบริการ**"
"doc3.md","28","Bulleted List"," หน่วยบริการในระบบหลักประกันสุขภาพแห่งชาติ"
"doc3.md","28","Bulleted List","อัตราจ่าย**"
"doc3.md","28","Bulleted List"," รถตามระยะทางกรมทางหลวงเริ่มต้น 50 กม. แรก 500 บาท + ระยะทางไปกลับ กิโลเมตรละ 4 บาท"
"doc3.md","28","Bulleted List"," เรือตามชนิดของเรือ, เฮลิคอปเตอร์ตามขนาดเครื่องยนต์"
"doc3.md","28","Bulleted List","โปรแกรม**- e-Claim"
"doc3.md","28","heading 2","บริการปี 2568"
"doc3.md","28","Bulleted List","เหมือนเดิม**"
"doc3.md","29","heading 1","Stroke Fast Track"
"doc3.md","29","heading 2","Comparison of Services between 2017 and 2018"
"doc3.md","29","heading 3"," Key Features"
"doc3.md","29","table","| Feature | 2017 Service | 2018 Service |"
"doc3.md","29","table","| --- | --- | --- |"
"doc3.md","29","table","| **หลักเกณฑ์** | - | เหมือนเดิม |"
"doc3.md","29","table","| **เงื่อนไข** | - | - |"
"doc3.md","29","table","| **ผู้มีสิทธิ** | สิทธิหลักประกันสุขภาพแห่งชาติ และสิทธิผู้ประกันตนคนพิการ (D1) | - |"
"doc3.md","29","table","| **หน่วยบริการ** | หน่วยบริการที่เป็นเครือข่ายบริการ ผู้ป่วยโรคหลอดเลือดสมองตีบหรืออุดตัน | - |"
"doc3.md","29","table","| **อัตราจ่าย** | ค่ายาละลายลิ่มเลือด rt-PA และค่าฉีดยา เหมาจ่าย(ค่าฉีดยา/CT/PT) รายละ 49000 บาท/ครั้ง | - |"
"doc3.md","29","table","| **โปรแกรม** | e-Claim | - |"
"doc3.md","29","heading 3"," Notes"
"doc3.md","29","Bulleted List","The 2017 service includes the administration of rt-PA and CT Brain imaging for diagnosis and treatment planning."
"doc3.md","29","Bulleted List","The 2018 service has been simplified, focusing on essential treatments and patient access to stroke services."
"doc3.md","30","heading 1","การให้บริการผู้ป่วยโรคกล้ามเนื้อหัวใจขาดเลือดเฉียบพลันชนิด ST Elevated (STEMI)"
"doc3.md","30","heading 2","บริการปี 2567"
"doc3.md","30","table","| หลักเกณฑ์ | เงื่อนไข |"
"doc3.md","30","table","| --- | --- |"
"doc3.md","30","table","| การให้บริการรักษาผู้ป่วยโรคกล้ามเนื้อหัวใจขาดเลือดเฉียบพลันชนิดที่มีการยกขึ้นของคลื่นไฟฟ้าหัวใจส่วน ST (Acute ST-Elevated Myocardial Infarction Fast Track) ที่ได้รับยาละลายลิ่มเลือด Streptokinase และ rt-PA ตามแนวทางเวชปฏิบัติที่กำหนด |"
"doc3.md","30","table","| ผู้มีสิทธิ | สิทธิหลักประกันสุขภาพแห่งชาติ และสิทธิผู้ประกันตนพิการ (D1) |"
"doc3.md","30","table","| หน่วยบริการ | หน่วยบริการที่เป็นเครือข่ายบริการผู้ป่วยโรคกล้ามเนื้อหัวใจขาดเลือดเฉียบพลันชนิดที่มีการยกขึ้นของคลื่นไฟฟ้าหัวใจส่วน ST |"
"doc3.md","30","table","| อัตราจ่าย | 1. ค่ายาละลายลิ่มเลือด Streptokinase และค่าฉีดยาเหมาจ่าย 10000 บาท/ครั้ง <br> 2. ค่ายาละลายลิ่มเลือด rt-PA และค่าฉีดยาเหมาจ่าย 49000 บาท/ครั้ง <br> 3. ค่ายา Tenecteplase (TNK-TPA) 22660 บาท/vial |"
"doc3.md","30","table","| โปรแกรม | e-Claim |"
"doc3.md","30","heading 2","บริการปี 2568"
"doc3.md","30","table","| หลักเกณฑ์ | เงื่อนไข |"
"doc3.md","30","table","| --- | --- |"
"doc3.md","30","table","| เหมือนเดิม | - |"
"doc3.md","30","table","| ผู้มีสิทธิ | - |"
"doc3.md","30","table","| หน่วยบริการ | - |"
"doc3.md","30","table","| อัตราจ่าย | - |"
"doc3.md","30","table","| โปรแกรม | - |"
"doc3.md","31","heading 1","การให้สารเมทาโดนระยะยาว (Methadone Maintenance Treatment: MMT)"
"doc3.md","31","heading 2","บริการปี 2567"
"doc3.md","31","Bulleted List","หลักเกณฑ์**- เงื่อนไข"
"doc3.md","31","Bulleted List",- กรุณาการให้สารเมทาโดนระยะยาว (Methadone Maintenance Treatment : MMT) การบำบัดรักษาผู้ป่วยติดสารเสพติดในกลุ่มฝันและอนุพันธ์ของผู้ที่สมัครใจ ในผู้ป่วยนอกต้องมีการพิสูจน์ตัวตน"
"doc3.md","31","Bulleted List","ผู้มีสิทธิ**"
"doc3.md","31","Bulleted List","สิทธิหลักประกันสุขภาพแห่งชาติ และสิทธิผู้ประกันตนคนพิการ (D1)"
"doc3.md","31","Bulleted List","หน่วยบริการ**"
"doc3.md","31","Bulleted List",- เป็นสถานพยาบาลตามกฎหมายว่าด้วยยาเสพติด"
"doc3.md","31","Bulleted List","อัตราจ่าย**"
"doc3.md","31","Bulleted List",- ครั้งละ 35 บาท/วัน (เบิกได้ไม่เกินจำนวนวันของเดือนที่ให้บริการ)"
"doc3.md","31","Bulleted List","โปรแกรม**- e-Claim"
"doc3.md","31","heading 2","บริการปี 2568"
"doc3.md","31","Bulleted List","เหมือนเดิม**"
"doc3.md","32","heading 1","การจ่ายชดเชยยา Clopidogrel mg tablet"
"doc3.md","32","heading 2","บริการปี 2567"
"doc3.md","32","table","| หลักเกณฑ์ เงื่อนไข | ผู้ป่วยที่ได้รับยา Clopidogrel เป็นไปตามประกาศคณะกรรมการพัฒนาระบบยาแห่งชาติเกี่ยวกับบัญชียาหลักแห่งชาติ |"
"doc3.md","32","table","| --- | --- |"
"doc3.md","32","table","| ผู้มีสิทธิ | สิทธิหลักประกันสุขภาพแห่งชาติ และสิทธิผู้ประกันตนคนพิการ (D1) |"
"doc3.md","32","table","| หน่วยบริการ | หน่วยบริการที่มีการสั่งใช้ยาตามแนวทางการกำกับการใช้ยาบัญชี จ(2) |"
"doc3.md","32","table","| อัตราจ่าย | OP : จ่ายอัตรา 3 บาท/เม็ด IP : จ่ายเพิ่มเติมจากระบบ DRGs ราคา 3 บาท/เม็ด |"
"doc3.md","32","table","| โปรแกรม | e-Claim |"
"doc3.md","32","heading 2","บริการปี 2568"
"doc3.md","32","table","| หลักเกณฑ์ เงื่อนไข | เหมือนเดิม |"
"doc3.md","32","table","| --- | --- |"
"doc3.md","32","table","| ผู้มีสิทธิ | - |"
"doc3.md","32","table","| หน่วยบริการ | - |"
"doc3.md","32","table","| อัตราจ่าย | - |"
"doc3.md","32","table","| โปรแกรม | - |"
"doc3.md","33","heading 1","อุปกรณ์และอวัยวะเทียมในการบำบัดรักษาโรค"
"doc3.md","33","heading 2","บริการปี 2567 และ 2568"
"doc3.md","33","Bulleted List","หลักเกณฑ์เงื่อนไข**"
"doc3.md","33","Bulleted List"," การจ่ายค่าใช้จ่ายเพื่อบริการสาธารณสุข กรณีการให้บริการอุปกรณ์และอวัยวะเทียมในการบำบัดรักษาโรค แก่ผู้รับบริการที่มีข้อบ่งชี้ในการทำหัตถการและใช้อุปกรณ์และอวัยวะเทียมในการบำบัดรักษาโรค"
"doc3.md","33","Bulleted List"," รายการอุปกรณ์ผู้พิการ จำยในผู้พิการ ที่มีสิทธิอยู่ ท.74"
"doc3.md","33","Bulleted List","ผู้มีสิทธิ**"
"doc3.md","33","Bulleted List"," สิทธิหลักประกันสุขภาพแห่งชาติ และสิทธิผู้ประกันตนคนพิการ (D1)"
"doc3.md","33","Bulleted List","หน่วยบริการ**"
"doc3.md","33","Bulleted List"," หน่วยบริการในระบบหลักประกันสุขภาพแห่งชาติ"
"doc3.md","33","Bulleted List","อัตราจ่าย**"
"doc3.md","33","Bulleted List"," จ่ายตามจริงไม่เกินอัตราที่กำหนด ตามระบบ Point system with Global budget หรือสนับสนุนเป็นอุปกรณ์และอวัยวะเทียมให้กับหน่วยบริการผ่านเครือข่ายหน่วยบริการด้านยาและเวชภัณฑ์ตามแผนและวงเงินการจัดหายา วัคซีน เวชภัณฑ์ อวัยวะเทียมและอุปกรณ์ทางการแพทย์ และชุดตรวจทางห้องปฏิบัติการที่จำเป็นตามโครงการพิเศษ ตามที่กำหนดในประกาศ"
"doc3.md","33","Bulleted List","โปรแกรม**- e-Claim"
"doc3.md","34","heading 1","บริการรักษาโรคหลอดเลือดโคโรนารีผ่านสายสวนและบริการรักษาโรคหัวใจ และหลอดเลือดด้วยวิธีการผ่าตัด (CAG-PCI)"
"doc3.md","34","heading 2","บริการปี 2567"
"doc3.md","34","table","|  |  |"
"doc3.md","34","table","| --- | --- |"
"doc3.md","34","table","| **หลักเกณฑ์** | เป็นการให้บริการแก่ผู้รับบริการที่ได้รับการวินิจฉัยตามเกณฑ์ในการวินิจฉัยโรคหลอดเลือดโคโรนารีผ่านสายสวน |"
"doc3.md","34","table","| **เงื่อนไข** | - กรณีมีข้อมูล CAG/PCI data form หรือ CAG/PCI data form ไม่ผ่านการพิจารณา |"
"doc3.md","34","table","| | - มีการประเมินผลของมูลฐานการรักษาใน CAG/PCI data form ตามเกณฑ์ที่กำหนด เพื่อประกอบการพิจารณา |"
"doc3.md","34","table","| | - มีการตรวจสอบก่อนการจ่ายชดเชย กรณีที่การประเมินผลของมูลฐานการรักษาใน CAG/PCI data form ไม่ผ่านการพิจารณา |"
"doc3.md","34","table","| | - สิทธิหลักประกันสุขภาพแห่งชาติ และสิทธิผู้ประกันตนคนพิการ (D1) |"
"doc3.md","34","table","| | - หน่วยบริการที่รับการส่งต่อเฉพาะทางการทำการรักษาโรคหลอดเลือดโคโรนารีผ่านสายสวน หรือการรักษาโรคหัวใจและหลอดเลือดด้วยวิธีการผ่าตัด (ระดับ 1, 2) |"
"doc3.md","34","table","| | - กรุณาใช้เวลามากถึง 3 เดือน สำหรับการดำเนินงาน |"
"doc3.md","34","table","| | - อัตราการตายจาก DRGs กรณีผู้ป่วยเป็นกลุ่มเสี่ยง |"
"doc3.md","34","table","| | - โปรแกรม e-Claim |"
"doc3.md","34","heading 2","บริการปี 2568"
"doc3.md","34","table","| --- | --- |"
"doc3.md","34","table","| 1. เป็นการให้บริการแก่ผู้รับบริการ ตามข้อบังคับและแนวทางการให้บริการรักษา (ตามแนบท้ายประกาศ) |  |"
"doc3.md","34","table","| 2. หน่วยบริการ ต้องบันทึกข้อมูลมาตรฐานการขอรับค่าใช้จ่ายเพื่อบริการสาธารณสุข กรณีบริการทำหัตถการวินิจฉัยและรักษาโรคหลอดเลือดโคโรนารี (CAG/PCI data form) |  |"
"doc3.md","34","table","| 3. มีการประมวลผลข้อมูลที่หน่วยบริการบันทึกใน CAG/PCI data form ตามเกณฑ์ที่กำหนด เพื่อประกอบการพิจารณาจ่าย |  |"
"doc3.md","34","table","| 4. มีการตรวจสอบก่อนการจ่ายชดเชย กรณีที่การประมวลผลข้อมูลที่หน่วยบริการบันทึกใน CAG/PCI data form ไม่ผ่านการพิจารณา |  |"
"doc3.md","35","heading 1","บริการรักษาโรคหลอดเลือดโคโรนารีผ่านสายสวนและบริการรักษา"
"doc3.md","35","heading 2","โรคหัวใจและหลอดเลือดด้วยวิธีการผ่าตัด"
"doc3.md","35","heading 3"," สถานะข้อมูลหลังการส่งเบิกชดเชย"
"doc3.md","35","table","รหัส | ความหมาย | การตรวจสอบ | แนวทางแก้ไข |"
"doc3.md","35","table","กรณีการสวนหัวใจ (Coronary Artery Angiography-CAG) ไม่พบข้อมูล CAG Data Form</td>"
"doc3.md","35","table","กรณี G47 อาจเกิดได้จากหลายสาเหตุ ดังนี้"
"doc3.md","35","Bulleted List","1. บันทึก data form กด save ร่าง แต่ไม่ได้กดส่งมาที่ สปสช."
"doc3.md","35","Bulleted List","2. บันทึก data form และกดส่งมาที่ สปสช. หลังการส่งข้อมูลเคลม (การประมวลผล e-claim เป็นแบบ daily process)"
"doc3.md","35","Bulleted List","3. บันทึก data form และกดส่งมาที่ สปสช. เรียบร้อย แต่ข้อมูล admission date ไม่ตรงกับวันที่เข้ารับบริการ ใน e-claim (date admit)"
"doc3.md","35","Bulleted List","4. บันทึกเบิกใน e-claim มีรหัส PCI แต่บันทึก data form ไม่พบการบันทึก Part II PCI</td>"
"doc3.md","35","Bulleted List","กรณีที่ 1 2 ให้หน่วยบริการส่งข้อมูล data form ให้เรียบร้อย แล้วส่งข้อมูลเคลมเข้ามาใหม่
"doc3.md","35","Bulleted List","กรณีที่ 3 4 ให้หน่วยบริการส่งเอกสารอุทรณ์เข้ามาที่ สปสช. เพื่อยืนยันการให้บริการ โดยเอกสารที่ต้องส่งให้ดูจากแนบท้ายประกาศ"
"doc3.md","35","Bulleted List","กรณีการสวนหัวใจ (Coronary Artery Angiography-CAG) ข้อมูล CAG Data Form ไม่ผ่านการตรวจสอบตามเงื่อนไข"
"doc3.md","35","Bulleted List","กรณีการสวนหัวใจการบันทึก CAG Data Form แต่ข้อมูลที่ไม่ผ่านเงื่อนไขการตรวจสอบ (Verify data) และถูกชะลอการจ่ายเพื่อตรวจสอบเอกสารหลักฐานการให้บริการ"
"doc3.md","36","heading 1","บริการโรคหยุดหายใจขณะหลับจากการอุดกั้น"
"doc3.md","36","heading 2","บริการปี 2567 และ 2568 (มีผลกับบริการตั้งแต่ 20 มี.ค. 2567)"
"doc3.md","36","heading 3"," หลักเกณฑ์เงื่อนไข"
"doc3.md","36","Bulleted List","1. เป็นการให้บริการแก่ผู้รับบริการที่เป็นผู้ป่วยนอก"
"doc3.md","36","Bulleted List","2. ให้บริการตรวจวินิจฉัยโรคหยุดหายใจขณะหลับจากการอุดกั้นและการรักษาด้วยเครื่องอัดอากาศแรงดันบวกกลุ่มเป้าหมาย ข้อบ่งชี้ในการตรวจวินิจฉัยและรักษาตามแนบท้ายประกาศ"
"doc3.md","36","heading 3"," ผู้มีสิทธิ"
"doc3.md","36","Bulleted List","สิทธิหลักประกันสุขภาพแห่งชาติ และสิทธิผู้ประกันตนคนพิการ (D1)"
"doc3.md","36","heading 3"," หน่วยบริการ"
"doc3.md","36","text","หน่วยบริการผ่านการรับรองการเป็นศูนย์ตรวจการนอนหลับจากสมาคมโรคจากการหลับแห่งประเทศไทย ราชวิทยาลัยอายุรแพทย์แห่งประเทศไทย ราชวิทยาลัยโสต ศอ นาสิกแพทย์แห่งประเทศไทย ราชวิทยาลัยจิตแพทย์แห่งประเทศไทย ราชวิทยาลัยกุมารแพทย์แห่งประเทศไทย หรือคณะกรรมการที่สำนักงานกำหนด (ปัจจุบันมี 9 แห่ง)"
"doc3.md","36","heading 3"," อัตราจ่าย"
"doc3.md","36","text","1. จ่ายค่าใช้จ่ายตามรายการและอัตรา แบบเหมาจ่ายรวมการส่งตรวจ ค่าห้อง ค่าอาหาร และการวินิจฉัย ได้แก่"
"doc3.md","36","text"," แบบวินิจฉัยตลอดคืน (Full-night PSG) type 1 อัตรา 7000 บาท/ครั้ง"
"doc3.md","36","text"," แบบวินิจฉัยตลอดคืน (Full-night PSG) type 2 อัตรา 6000 บาท/ครั้ง"
"doc3.md","36","text"," แบบแยกตรวจครึ่งคืน (Split-night PSG) อัตรา 7000 บาท/ครั้ง"
"doc3.md","36","text"," แบบปรับแรงดันอากาศบวก (Positive Airway Pressure Titration) อัตรา 7000 บาท/ครั้ง"
"doc3.md","36","text","2. จ่าย Add on ค่าอุปกรณ์ในการรักษาตามประกาศ"
"doc3.md","36","heading 3"," โปรแกรม"
"doc3.md","36","text","e-Claim"
"doc3.md","37","heading 1","รายชื่อหน่วยบริการผ่านการรับรองการเป็นศูนย์ตรวจการนอนหลับ"
"doc3.md","37","heading 2","ลำดับ"
"doc3.md","37","heading 2","ชื่อหน่วยบริการ"
"doc3.md","37","Bulleted List","โรงพยาบาลศูนย์สมุทรสาคร"
"doc3.md","37","Bulleted List","โรงพยาบาลราชวิถี"
"doc3.md","37","Bulleted List","โรงพยาบาลพระมงกุฎเกล้า"
"doc3.md","37","Bulleted List","สถาบันโรคทรงอก"
"doc3.md","37","Bulleted List","โรงพยาบาลจุฬาลงกรณ์สภากาชาดไทย"
"doc3.md","37","Bulleted List","โรงพยาบาลธรรมศาสตร์เฉลิมพระเกียรติ"
"doc3.md","37","Bulleted List","โรงพยาบาลมหาราชนครเชียงใหม่ มหาวิทยาลัยเชียงใหม่"
"doc3.md","37","Bulleted List","โรงพยาบาลรามาธิบดี มหาวิทยาลัยมหิดล"
"doc3.md","37","Bulleted List","โรงพยาบาลศิริราช"
"doc3.md","38","heading 1","บริการ Robotic Surgery"
"doc3.md","38","heading 2","บริการปี 2567 และ 2568 (มีผลกับบริการตั้งแต่ 25 ธ.ค. 2566)"
"doc3.md","38","table","| หลักเกณฑ์เงื่อนไข | เป็นการให้บริการแก่ผู้ป่วยกลุ่มโรค ดังนี้ มีเรื่องต่อมลูกหมาก มีเรื่องลำไส้ตรงและทวารหนัก เนื้องอกหรือการอักเสบของตับอ่อน |"
"doc3.md","38","table","| --- | --- |"
"doc3.md","38","table","| ผู้มีสิทธิ | สิทธิหลักประกันสุขภาพแห่งชาติ และสิทธิผู้ประกันตนคนพิการ (D1) |"
"doc3.md","38","table","| หน่วยบริการ | หน่วยบริการที่ผ่านการประเมินศักยภาพหน่วยบริการที่ให้บริการใช้หุ่นยนต์ช่วยผ่าตัด ตามเกณฑ์ประเมินแนบท้ายประกาศ (ปัจจุบันมี 7 แห่ง) |"
"doc3.md","38","table","| อัตราจ่าย | 1. จ่ายค่าใช้จ่ายตามระบบ DRGs (TDRLs Version 6.3) อัตราเหมือนกรณีผู้ป่วยในทั่วไป<br>2. จ่าย Add on ชุดอุปกรณ์สำหรับบริการใช้หุ่นยนต์ช่วยผ่าตัดในการรักษาฯ ตามประกาศ - ชุดอุปกรณ์สำหรับผ่าตัดด้วยหุ่นยนต์ในมะเร็งต่อมลูกหมาก ประกอบด้วยอุปกรณ์รหัส 9106 อัตราเหมาจ่ายไม่เกิน 100,000 บาทต่อครั้ง<br>- ชุดอุปกรณ์สำหรับผ่าตัดด้วยหุ่นยนต์ในมะเร็งลำไส้ตรงและทวารหนัก ประกอบด้วยอุปกรณ์รหัส 9106, 9107 และ 5501 อัตราเหมาจ่ายไม่เกิน 140,000 บาทต่อครั้ง<br>- ชุดอุปกรณ์สำหรับผ่าตัดด้วยหุ่นยนต์สำหรับเนื้องอกหรือการอักเสบของตับอ่อน ประกอบด้วย อุปกรณ์อุปกรณ์รหัส 9106 และ 9107 อัตราเหมาจ่ายไม่เกิน 130,000 บาทต่อครั้ง หมายเหตุ อุปกรณ์อื่นๆ ที่ใช้ร่วมในการผ่าตัด เบิกได้ตามประกาศอุปกรณ์และอวัยวะเทียมในการบำบัดรักษาโรคร |"
"doc3.md","38","table","| โปรแกรม | e-Claim |"
"doc3.md","40","heading 1","บริการผ่าตัดข้อเข่าเทียม"
"doc3.md","40","heading 2","บริการปี 2567"
"doc3.md","40","Bulleted List","หลักเกณฑ์**"
"doc3.md","40","Bulleted List"," เป็นการให้บริการแก่ผู้รับบริการที่มีคุณสมบัติตามข้อบ่งชี้"
"doc3.md","40","Bulleted List"," 1. กรณีผ่าตัดรักษาโรคข้อเข่าเสื่อม (Total knee prosthesis) ในอายุน้อยกว่า 55 ปีต้องขออนุมัติ (PA) ก่อนการผ่าตัด"
"doc3.md","40","Bulleted List"," 2. กรณีผ่าตัดข้อเข่าเทียมประเภทที่มีส่วนแทนเชื่อมต่อในการผ่าตัดแก้ไข (Hinge total knee prosthesis) ต้องขออนุมัติ (PA) ก่อนการผ่าตัดทุกราย"
"doc3.md","40","Bulleted List","ผู้มีสิทธิ**"
"doc3.md","40","Bulleted List"," สิทธิหลักประกันสุขภาพแห่งชาติ และสิทธิผู้ประกันตนคนพิการ (D1)"
"doc3.md","40","Bulleted List","หน่วยบริการ**"
"doc3.md","40","Bulleted List"," หน่วยบริการที่มีสิทธิได้รับค่าใช้จ่ายเป็นหน่วยบริการที่มีศักยภาพการบริการผ่าตัดรักษาข้อเข่าเสื่อมและบันทึกข้อมูลศักยภาพตามที่สำนักงานกำหนดในโปรแกรมระบบพื้นฐานของหน่วยบริการ ที่ [url]: http://cpp.nhso.go.th/CPP/"
"doc3.md","40","Bulleted List","อัตราจ่าย**"
"doc3.md","40","Bulleted List"," จ่ายตาม DRG กรณีผู้ป่วยในทั่วไป และ On top คำอุปกรณ์ตามประกาศ"
"doc3.md","40","Bulleted List","โปรแกรม**"
"doc3.md","40","Bulleted List"," e-Claim"
"doc3.md","40","heading 2","บริการปี 2568"
"doc3.md","40","Bulleted List","เหมือนเดิม**"
"doc3.md","41","heading 1","การใช้อุปกรณ์ชุดประสาทหูเทียมในการผ่าตัดฝังประสาทหูเทียม"
"doc3.md","41","heading 2","บริการปี 2567"
"doc3.md","41","Bulleted List","เป็นการให้บริการแก่ผู้รับบริการที่มีอายุน้อยกว่า 5 ปี และมีข้อบ่งชี้ในการใช้อุปกรณ์ชุดประสาทหูเทียมในการผ่าตัดฝังประสาทหูเทียม"
"doc3.md","41","Bulleted List","ต้องขออนุมัติก่อนให้บริการผ่าตัดฝังประสาทหูเทียม"
"doc3.md","41","heading 2","ผู้มีสิทธิ"
"doc3.md","41","Bulleted List","สิทธิหลักประกันสุขภาพแห่งชาติ และสิทธิผู้ประกันตนคนพิการ (D1)"
"doc3.md","41","heading 2","หน่วยบริการ"
"doc3.md","41","Bulleted List","หน่วยบริการที่มีศักยภาพในการผ่าตัดฝังประสาทหูเทียม โดยการรับรองจากราชวิทยาลัยโสต คือ นาสิก แพทย์แห่งประเทศไทย หรือกระทรวงสาธารณสุข"
"doc3.md","41","heading 2","อัตราจ่าย"
"doc3.md","41","Bulleted List","1. ค่าผ่าตัด จ่ายตาม DRGs ตามประกาศกรมผู้ป่วยในทั่วไป"
"doc3.md","41","Bulleted List","2. จ่ายเพิ่มเติมสำหรับอุปกรณ์ ตามประกาศอุปกรณ์ และอวัยวะเทียมในการบำบัดรักษาโรค"
"doc3.md","41","Bulleted List","3. ค่าบริการฟื้นฟูการได้ยินและการฝึกพูด โดยผู้ป่วยต้องลงทะเบียนคนพิการ จ่ายให้แก่หน่วยบริการที่มีศักยภาพตามผลงานการให้บริการ ไม่เกิน 4 ครั้งต่อเดือน จากงบประมาณการฟื้นฟูสมรรถภาพด้านการแพทย์ มีเงื่อนไขและอัตราการจ่าย ดังนี้"
"doc3.md","41","Bulleted List"," 3.1 ค่าบริการฟื้นฟูการได้ยิน 150 บาท/ครั้ง"
"doc3.md","41","Bulleted List"," 3.2 ค่าบริการแก้ไขการพูด 150 บาท/ครั้ง"
"doc3.md","41","heading 2","โปรแกรม"
"doc3.md","41","text","1. เบิกค่าใช้จ่าย e-Claim"
"doc3.md","41","Bulleted List","2. จ่ายอุปกรณ์จากฟันเทียมผ่านระบบ VMI"
"doc3.md","41","heading 2","บริการปี 2568"
"doc3.md","41","Bulleted List","อยู่ระหว่างทบทวนประกาศ เรื่องอายุผู้รับบริการ"
"doc3.md","42","heading 1","บริการผ่าตัดใส่รากฟันเทียม"
"doc3.md","42","heading 2","บริการปี 2567"
"doc3.md","42","Bulleted List","หลักเกณฑ์**"
"doc3.md","42","Bulleted List"," เป็นการให้บริการแก่ผู้รับบริการที่สูญเสียฟันทั้งหมดของขากรรไกรบนและหรือขากรรไกรล่าง ซึ่งทันตแพทย์พิจารณาแล้วพบว่ามีการละลายตัวของกระดูกขากรรไกรเป็นอย่างมากจนไม่สามารถใส่ฟันเทียมตามวิธีการปกติได้ ตามแนวทางปฏิบัติทางคลินิกเพื่อการรักษาทางทันตกรรมรากเทียมของกระทรวงสาธารณสุข"
"doc3.md","42","Bulleted List","ผู้มีสิทธิ**"
"doc3.md","42","Bulleted List"," สิทธิหลักประกันสุขภาพแห่งชาติ และสิทธิผู้ประกันตนคนพิการ (D1)"
"doc3.md","42","Bulleted List","หน่วยบริการ**"
"doc3.md","42","Bulleted List"," หน่วยบริการที่สามารถให้บริการรากฟันเทียม"
"doc3.md","42","Bulleted List","อัตราจ่าย**"
"doc3.md","42","Bulleted List","1. รายการรากฟันเทียม สนับสนุนเป็นอุปกรณ์และอวัยวะเทียมให้กับหน่วยบริการผ่านเครือข่ายหน่วยบริการด้านยาและเวชภัณฑ์ตามแผนและวงเงินการจัดหายา วัคซีน เวชภัณฑ์ อวัยวะเทียม และอุปกรณ์ทางการแพทย์ และชุดตรวจทางห้องปฏิบัติการที่จำเป็นตามโครงการพิเศษ"
"doc3.md","42","Bulleted List","2. ค่าผ่าตัดใส่รากฟันเทียม จ่ายแบบเหมาจ่ายในอัตรา 17500 บาท/ราย"
"doc3.md","42","Bulleted List","3. ค่าติดตามการรักษา จ่ายเป็นระยะเวลา 5 ปี ดังนี้"
"doc3.md","42","Bulleted List"," 3.1 ปีที่ 1 (ปีที่ผ่าตัด) จ่ายแบบเหมาจ่ายในอัตรา 700 บาท"
"doc3.md","42","Bulleted List"," 3.2 ปีที่ 2 ถึงปีที่ 5 จ่ายตามจำนวนครั้งบริการอัตรา 700 บาท/ครั้ง จำนวนไม่เกิน 4 ครั้ง/ปี"
"doc3.md","42","Bulleted List","โปรแกรม**"
"doc3.md","42","Bulleted List"," 1. เบิกค่าใช้จ่าย e-Claim"
"doc3.md","42","Bulleted List"," 2. จ่ายอุปกรณ์รากฟันเทียมผ่านระบบ VMI"
"doc3.md","42","heading 2","บริการปี 2568"
"doc3.md","42","Bulleted List","เหมือนเดิม**"
"doc3.md","43","heading 1","บริการรักษาผ่าตัดต้อกระจกพร้อมเลนส์แก้วตาเทียม"
"doc3.md","43","heading 2","บริการปี 2567"
"doc3.md","43","Bulleted List","หลักเกณฑ์**"
"doc3.md","43","Bulleted List"," เป็นการให้บริการแก่ผู้รับบริการที่ได้รับการวินิจฉัยเป็นโรคต้อกระจกพร้อมเลนส์แก้วตาเทียม โดยมีข้อบ่งชี้ตามมาตรฐานของราชวิทยาลัยจักษุแพทย์แห่งประเทศไทย"
"doc3.md","43","Bulleted List","ผู้มีสิทธิ**"
"doc3.md","43","Bulleted List"," สิทธิหลักประกันสุขภาพแห่งชาติ และสิทธิผู้ประกันตนคนพิการ (D1)"
"doc3.md","43","Bulleted List","หน่วยบริการ**"
"doc3.md","43","Bulleted List"," หน่วยบริการที่สามารถให้บริการรักษาผ่าตัดต้อกระจก และบันทึกข้อมูลศักยภาพตามที่สำนักงานกำหนดในโปรแกรมระบบพื้นฐานของหน่วยบริการ ที่ URL : http://cpp.nhso.go.th/CPP/"
"doc3.md","43","Bulleted List","อัตราจ่าย**"
"doc3.md","43","Bulleted List"," 1. อัตราน้ำตาดปกติ ในผู้รับบริการที่มีระดับสายตาแย่นกว่า 20/200 จ่ายในอัตราเหมาจ่าย 7000 บาท/การผ่าตัด 1 ข้าง"
"doc3.md","43","Bulleted List","2. อัตรามีภาวะแทรกซ้อนจากการผ่าตัดและมีการดูแลรักษาภาวะแทรกซ้อนนั้น จ่ายในอัตราเหมาจ่าย 9000 บาท/การผ่าตัด 1 ข้าง"
"doc3.md","43","Bulleted List","3. อัตราน้ำตาดผู้รับบริการที่มีระดับสายตา 20/200 ถึง 20/100 ตามข้อบ่งชี้ทางการแพทย์ต้องรับการผ่าตัด หรือมีความจำเป็น จ่ายในอัตราเหมาจ่าย 5000 บาท/การผ่าตัด 1 ข้าง"
"doc3.md","43","Bulleted List","4. จำนวนค่าอุปกรณ์ ดังนี้"
"doc3.md","43","Bulleted List"," 4.1 ค่าบริการเลนส์แก้วตาเทียม ในอัตราดังนี้"
"doc3.md","43","Bulleted List","- เลนส์แก้วตาเทียมชนิดพับได้ เหมาจ่ายในอัตราอันละ 2800 บาท"
"doc3.md","43","Bulleted List"," เลนส์แก้วตาเทียมชนิดแข็งพับไม่ได้ เหมาจ่ายในอัตราอันละ 700 บาท"
"doc3.md","43","Bulleted List","- 4.2 ค่าอุปกรณ์อื่นๆ เป็นไปตามประกาศกรมการแพทย์ให้บริการอุปกรณ์และอวัยวะเทียมในการบำบัดรักษาโรค"
"doc3.md","43","heading 2","บริการปี 2568"
"doc3.md","43","Bulleted List","เหมือนเดิม**"
"doc3.md","44","heading 1","การอุทธรณ์ข้อมูลที่ติด C หรือ Deny"
"doc3.md","44","heading 2","ข้อมูลที่ติด C825 หรือ Deny 104 ที่เกี่ยวข้องกับการใช้อวัยวะเทียมและอุปกรณ์บำบัดรักษา การยื่นอุทธรณ์"
"doc3.md","44","text","ขอให้แน่เอกสาร ดังนี้"
"doc3.md","44","Bulleted List","เวชระเบียนผู้ป่วยที่มีบันทึกเกี่ยวข้องกับการใช้อวัยวะเทียมและอุปกรณ์บำบัดรักษา ได้แก่ ใบบันทึกการผ่าตัด (Operative note) ที่มีบันทึกการใช้อุปกรณ์, บันทึกการส่งใช้อวัยวะเทียมและอุปกรณ์บำบัดรักษา"
"doc3.md","44","Bulleted List","หลักฐานการใช้อุปกรณ์ดังกล่าว ได้แก่ sticker ของอุปกรณ์ที่ใช้ (ถ้าอุปกรณ์นั้นมี sticker)"
"doc3.md","44","Bulleted List","กรุณาอุปกรณ์นั้นไม่มี sticker ต้องระบุรายละเอียดของอุปกรณ์และจำนวนที่ใช้ลงในใบบันทึกการผ่าตัด (Operative note) ให้ครบถ้วน"
"doc3.md","44","Bulleted List","กรุณาอวัยวะเทียมและอุปกรณ์บำบัดรักษาภายนอกทางกาย เช่น ฟันเทียม รถเข็นนั่ง เครื่องช่วยเดิน ต้องมีหลักฐานการส่งจ่าย และหลักฐานการลงนามรับอวัยวะเทียมและอุปกรณ์ของผู้ป่วยหรือญาติ"
"doc3.md","44","Bulleted List","แนบภาพถ่าย Film x-ray ส่วนที่มีรายละเอียดการใช้อวัยวะเทียมและอุปกรณ์บำบัดรักษา(ถ้ามี)"
"doc3.md","45","heading 1","การบริการกรณีเฉพาะอื่น ๆ"
"doc3.md","45","heading 2","บริการปี 2567"
"doc3.md","45","Bulleted List","หลักเกณฑ์**- เงื่อนไข"
"doc3.md","45","Bulleted List","1. กรณีรักษาทั่วไป ผู้มีสิทธิประกันสังคมส่งเงินสมทบไม่ครบ 3 เดือน ที่มีหลักฐานรับรองจากสำนักงานประกันสังคม"
"doc3.md","45","Bulleted List","2. กรณีคลอดบุตร ผู้มีสิทธิประกันสังคมส่งเงินสมทบไม่ครบ 5 เดือนที่มีหลักฐานรับรองจากสำนักงานประกันสังคม"
"doc3.md","45","Bulleted List","ผู้มีสิทธิ**"
"doc3.md","45","Bulleted List","สิทธิประกันสังคม"
"doc3.md","45","Bulleted List","หน่วยบริการ**"
"doc3.md","45","Bulleted List","หน่วยบริการในระบบหลักประกันสุขภาพแห่งชาติ"
"doc3.md","45","Bulleted List","อัตราจ่าย**"
"doc3.md","45","Bulleted List","1. ผู้ป่วยนอก จ่ายตามรายการ FS อาจพิจารณาปรับการจ่ายด้วย Point system with Global budget หากงบประมาณเกินกว่าวงเงินที่ได้รับ"
"doc3.md","45","Bulleted List","2. ผู้ป่วยใน จ่ายตาม DRGs กรณีผู้ป่วยในทั่วไป"
"doc3.md","45","Bulleted List","โปรแกรม**- e-Claim"
"doc3.md","45","heading 2","บริการปี 2568"
"doc3.md","45","Bulleted List","เหมือนเดิม**"
"doc3.md","46","heading 1","การบริการกรณีเฉพาะบริการผู้ป่วยนอก (OP)"
"doc3.md","46","heading 2","กรณีปกป้องการได้รับบริการนอกเครื่องข่ายกรณีจำเป็น"
"doc3.md","46","heading 3"," OPAE"
"doc3.md","46","Bulleted List","บริการผู้ป่วยนอกกรณีฉุบดิเหตุ"
"doc3.md","46","Bulleted List","หรือเจ็บป่วยฉุกเฉินข้ามจังหวัด"
"doc3.md","46","heading 3"," OP Refer"
"doc3.md","46","Bulleted List","บริการผู้ป่วยนอกที่รับการส่งต่อ"
"doc3.md","46","heading 3"," OP Anywhere"
"doc3.md","46","Bulleted List","การใช้สิทธิ์รับบริการสาธารณสุขในหน่วยบริการอื่นของผู้รับบริการกรณีที่มีเหตุสมควร"
"doc3.md","47","heading 1","ประกาศสำนักงานหลักประกันสุขภาพแห่งชาติ"
"doc3.md","47","heading 2","เรื่อง การจ่ายค่าใช้จ่ายเพื่อบริการสาธารณสุข กรณีบริการเฉพาะเพื่อปกป้องการได้รับบริการนอกเครือข่ายกรณีจำเป็น พ.ศ. ๒๕๖๗"
"doc3.md","47","text","โดยที่เป็นการสมควรปรับปรุงประกาศสำนักงานหลักประกันสุขภาพแห่งชาติ เรื่อง การจ่ายค่าใช้จ่ายเพื่อบริการสาธารณสุข กรณีบริการเฉพาะเพื่อปกป้องการได้รับบริการนอกเครือข่ายกรณีจำเป็น พ.ศ. ๒๕๖๖ เพื่อส่งเสริมให้บุคคลสามารถเข้าถึงการบริการสาธารณสุขได้อย่างทั่วถึงและมีประสิทธิภาพ"
"doc3.md","47","text","อาศัยอำนาจตามความในข้อ ๔ และข้อ ๓๒ แห่งประกาศคณะกรรมการหลักประกันสุขภาพแห่งชาติ เรื่อง การดำเนินงานและการบริหารจัดการกองทุนหลักประกันสุขภาพแห่งชาติ และค่าใช้จ่ายเพื่อบริการสาธารณสุข ประจำปีงบประมาณ พ.ศ. ๒๕๖๘ พ.ศ. ๒๕๖๗ เลขาธิการสำนักงานหลักประกันสุขภาพแห่งชาติ จึงออกประกาศไว้ ดังต่อไปนี้"
"doc3.md","47","heading 3"," ข้อ ๑ ประกาศนี้เรียกว่า "ประกาศสำนักงานหลักประกันสุขภาพแห่งชาติ เรื่อง การจ่ายค่าใช้จ่ายเพื่อบริการสาธารณสุข กรณีบริการเฉพาะเพื่อปกป้องการได้รับบริการนอกเครือข่ายกรณีจำเป็น พ.ศ. ๒๕๖๗""
"doc3.md","47","heading 3"," ข้อ ๒ ประกาศนี้ให้ใช้บังคับตั้งแต่บัดนี้เป็นต้นไป"
"doc3.md","48","heading 1","1. หลักเกณฑ์ วิธีการ และเงื่อนไขการจ่าย ค่าใช้จ่ายเพื่อบริการสาธารณสุข กรุณา OPAE"
"doc3.md","48","heading 2","เดิม ปี 2567"
"doc3.md","48","table","| หัวข้อ | รายละเอียด |"
"doc3.md","48","table","| --- | --- |"
"doc3.md","48","table","| หลักเกณฑ์เงื่อนไข | 1. เป็นการเข้ารับบริการด้วยอุบัติเหตุ / เจ็บป่วยฉุกเฉินข้ามจังหวัดกับหน่วยบริการประจำ 2. เป็นการเข้ารับบริการกรณีอุบัติเหตุ/เจ็บป่วยฉุกเฉินโดยไม่จำกัดจำนวนครั้ง |"
"doc3.md","48","table","| - ผู้รับบริการจากกรณีอุบัติเหตุหรือเจ็บป่วยฉุกเฉินข้ามจังหวัด |  |"
"doc3.md","48","table","| - ผู้รับบริการที่ไม่สามารถกลับไปรักษาอย่างหน่วยบริการประจำได้ภายใน 15 วันนับจากวันที่รับบริการ |  |"
"doc3.md","48","table","| - ผู้ป่วยกรณีอุบัติเหตุหรือเจ็บป่วยฉุกเฉินข้ามจังหวัด ที่มีนัดติดตามอาการ ครั้งแรกหลังจำหน่าย |  |"
"doc3.md","48","table","| - ผู้รับบริการที่ได้รับการส่งต่อมาการตรวจวินิจฉัย และกลับไปรับการรักษาต่อเนื่องยังหน่วยบริการเดิม |  |"
"doc3.md","48","table","| - ผู้รับบริการจากกรณีอุบัติเหตุจริงจราจร ที่มีคำใช้จ่ายในการรักษาเกินกว่าวงเงินจากพระราชบัญญัติคุ้มครองผู้ประสบภัยจากรถ พ.ศ. 2535 และที่ได้แก้ไขเพิ่มเติม |  |"
"doc3.md","48","table","| - ทหารกองประจำการสังกัดกรมแพทย์ทหารเรือ และกรมแพทย์ทหารอากาศ |  |"
"doc3.md","48","table","| - ทหารผ่านศึก |  |"
"doc3.md","48","table","| - คนพิการ |  |"
"doc3.md","48","heading 2","ใหม่ ที่เปลี่ยนแปลง ปี 2568"
"doc3.md","48","table","| หัวข้อ | รายละเอียด |"
"doc3.md","48","table","| --- | --- |"
"doc3.md","48","table","| คงเดิม |  |"
"doc3.md","49","heading 1","1. หลักเกณฑ์ วิธีการ และเงื่อนไขการจ่าย ค่าใช้จ่ายเพื่อบริการสาธารณสุข กรณี OPAE (ต่อ)"
"doc3.md","49","heading 2","Table"
"doc3.md","49","table","| หัวข้อ | เดิม_ปี 2567 | ใหม่_ที่เปลี่ยนแปลง ปี 2568 |"
"doc3.md","49","table","| --- | --- | --- |"
"doc3.md","49","table","| ผู้มีสิทธิ | สิทธิหลักประกันสุขภาพแห่งชาติ และสิทธิผู้ประกันตนคนพิการ (D1) | คงเดิม |"
"doc3.md","49","table","| หน่วยบริการ | หน่วยบริการในระบบ UC | คงเดิม |"
"doc3.md","49","table","| อัตราจ่าย | - จ่ายตามรายการและอัตรา Fee Schedule ตามประกาศ <br> - อาจพิจารณาปรับการจ่ายด้วยระบบคะแนน (Point system) ของ ราคาตามรายการหากงบประมาณเกินกว่าวงเงินที่ได้รับงบประมาณ | คงเดิม |"
"doc3.md","49","table","| โปรแกรม | e-Claim | คงเดิม |"
"doc3.md","50","heading","#