source_document,page_number,content_type,content
doc.md,1,Header 1,เรื่องนี้มีคำตอบ
doc.md,1,Header 2,คู่มือสิทธิหลักประกันสุขภาพแห่งชาติ ปีงบประมาณ 2566
doc.md,1,Bulleted List,Q&A
doc.md,1,Header 2,Social Media Icons
doc.md,1,Table,"LINE | Facebook"
doc.md,1,Header 2,Other Icons
doc.md,1,Table,"Wi-Fi | Instagram"
doc.md,1,Header 2,Footnotes and Annotations
doc.md,1,Bulleted List,"The text 'เรื่องนี้มีคำตอบ' translates to 'This question has an answer.'"
doc.md,2,Header 1,สารบัญ
doc.md,2,Header 2,ประโยชน์ของบริการ
doc.md,2,Bulleted List,นโยบายปัจมภูมิไปที่ไหนก็ได้ทั่วประเทศ (OP Anywhere)
doc.md,2,Bulleted List,ผู้ป่วยในไม่ต้องใช้ใบส่งตัวทั่วประเทศ (IP Anywhere)
doc.md,2,Bulleted List,สิทธิประโยชน์โรคมะเร็งไปรับบริการที่ไหนก็ได้ที่พร้อม (Cancer Anywhere)
doc.md,2,Bulleted List,สิทธิประโยชน์ทันตกรรม
doc.md,2,Bulleted List,สิทธิประโยชน์เกี่ยวกับโรคไต้
doc.md,2,Bulleted List,สิทธิประโยชน์ผู้ติดเชื้อเอชไอวีและผู้ป่วยเอดส์
doc.md,2,Bulleted List,สิทธิประโยชน์การฝากครรภ์และคลอดบุตร
doc.md,2,Bulleted List,สิทธิประโยชน์ยา เวชภัณฑ์ อวัยวะเทียมและอุปกรณ์ทางการแพทย์
doc.md,2,Bulleted List,การใช้สิทธิกรณีฉุบดิเหตุ เจ็บป่วยฉุกเฉิน
doc.md,2,Bulleted List,การใช้สิทธิว่าง
doc.md,2,Bulleted List,ช่องทางการตรวจสอบสิทธิ
doc.md,2,Bulleted List,ช่องทางแจ้งเรื่องร้องเรียน ร้องทุกข์
doc.md,2,Bulleted List,แหล่งข้อมูลอ้างอิง
doc.md,3,Header 1,คำนำ
doc.md,3,Text,"ตามที่ สำนักบริการประชาชน (Contact Center) สำนักงานหลักประกันสุขภาพแห่งชาติ มีภารกิจหลักในการสร้างความรู้ความเข้าใจในสิทธิและความคุ้มครองสิทธิประชาชนในระบบหลักประกันสุขภาพแห่งชาติ ตลอดระยะเวลาที่ผ่านมา พบว่า ยังมีข้อซักถาม เรื่องร้องเรียน ร้องทุกข์ เกี่ยวกับสิทธิประโยชน์การเข้ารับบริการของสิทธิหลักประกันสุขภาพแห่งชาติ เข้ามาจำนวนมาก ทั้งนี้ จากเนื้อจากกฎระเบียบแนวทางปฏิบัติและสิทธิประโยชน์ที่มีการเปลี่ยนแปลง และมีรายละเอียด ค่อนข้างมาก ดังนั้น เพื่อให้ประชาชนและหน่วยบริการได้รับทราบข้อมูลและมีความเข้าใจที่ตรงกัน และลดข้อขัดแย้งเกี่ยวกับการใช้สิทธิหลักประกันสุขภาพแห่งชาติในเรื่องต่างๆ สำนักบริการประชาชน (Contact Center) จึงได้รวบรวมคำถามและปัญหาที่พบบ่อยจากการให้บริการตอบคำถาม จัดทำเป็นคู่มือสิทธิหลักประกันสุขภาพแห่งชาติ ในรูปแบบหนังสืออิเล็กทรอนิกส์ (E-Book) ""เรื่องนี้ 1330 มีคำตอบ"" โดยจัดทำขึ้นหน้า Website สำนักงานหลักประกันสุขภาพแห่งชาติ เพื่อเป็นแนวทางให้ประชาชนและหน่วยบริการได้รับทราบข้อมูลเกิดความเข้าใจที่ตรงกันและสามารถใช้สิทธิได้อย่างถูกต้องต่อไป"
doc.md,3,Header 2,สำนักบริการประชาชน (Contact Center)
doc.md,3,Text,สำนักงานหลักประกันสุขภาพแห่งชาติ
doc.md,4,Header 1,นโยบายปฐมภูมิ
doc.md,4,Header 2,ไปที่ไหนก็ได้ทั่วประเทศ (OP Anywhere)
doc.md,4,Header 3,Q&A
doc.md,4,Q&A,"Q: นโยบายปฐมภูมิไปที่ไหนก็ได้ใช้สิทธิอย่างไร | A: การใช้สิทธิดังกล่าว มีเงื่อนไขดังนี้"
doc.md,4,Q&A,"Q: 1.1 ต้องเข้ารับการรักษากรณีผู้ป่วยนอก (OPD) | A: 1.1 ต้องเข้ารับการรักษากรณีผู้ป่วยนอก (OPD)"
doc.md,4,Q&A,"Q: 1.2 ต้องไม่ใช่กรณีรักษาต่อเนื่อง (นัดติดตามอาการ) | A: 1.2 ต้องไม่ใช่กรณีรักษาต่อเนื่อง (นัดติดตามอาการ)"
doc.md,4,Q&A,"Q: นโยบายปฐมภูมิไปที่ไหนก็ได้ ใช้ได้ทั่วประเทศหรือไม่ | A: ใช้ได้ทั่วประเทศ มีผลตั้งแต่วันที่ 1 มกราคม 2565 เป็นต้นไป"
doc.md,4,Q&A,"Q: มีหน่วยบริการใดบางที่สามารถใช้สิทธินโยบายปฐมภูมิไปที่ไหนก็ได้ | A: หน่วยบริการที่สามารถใช้สิทธินโยบายดังกล่าวได้ อาทิ ศูนย์บริการสาธารณสุขคลินิกชุมชนอบอุ่น โรงพยาบาลส่งเสริมสุขภาพตำบลบ (รพ.สต.) ร้านยา เป็นต้น"
doc.md,4,Q&A,"Q: • สามารถตรวจสอบรายชื่อหน่วยบริการในระบบหลักประกันสุขภาพแห่งชาติผ่านสายด่วน สปสช.1330 หรือ https://www.nhso.go.th/page/hospital | A: • สามารถตรวจสอบรายชื่อหน่วยบริการในระบบหลักประกันสุขภาพแห่งชาติผ่านสายด่วน สปสช.1330 หรือ https://www.nhso.go.th/page/hospital"
doc.md,4,Q&A,"Q: ผู้ป่วยมีสิทธิหลักประกันสุขภาพแห่งชาติที่จังหวัดนอนเก่นเดินทางมาเยี่ยมญาติตี่ กทม. ยากี้เคยกินประจำหมดจะขอรับยากี้หน่วยบริการอื่นได้หรือไม่ | A: ได้ ควรนำยาเดิมให้แพทย์พิจารณาร่วมด้วย"
doc.md,4,Q&A,"Q: ผู้ป่วยมาเยี่ยมเพื่อนที่ชลบุรี เกิดอาการเจ็บแน่นหน้าอกและสิทธิหลักประกันสุขภาพแห่งชาติอยู่อุดรธานี จะใช้สิทธิรักษา รพ.รัฐ ใกล้ๆ ได้หรือไม่ | A: ใช้สิทธิได้ ให้แจ้งความประสงค์พร้อมแสดงบัตรประจำตัวประชาชนประกอบการใช้สิทธิ"
doc.md,5,Header 1,นโยบายปฐมภูมิ
doc.md,5,Header 2,ไปที่ไหนก็ได้ทั่วประเทศ (OP Anywhere)
doc.md,5,Header 3,Q&A
doc.md,5,Q&A,"Q: ผู้ป่วยมีนัดรับยาเบาหวาน กับหน่วยบริการที่รักษาประจำ ซึ่งไม่ใช่หน่วยบริการประจำตามสิทธิ์ที่ลงทะเบียนไว้ จะใช้สิทธิ์ได้หรือไม่ | A: ไม่ได้ เนื่องจากการใช้สิทธินโยบายปฐมภูมิไปที่ไหนก็ได้ จะต้องไม่ใช่กรณีนัดหมาย"
doc.md,5,Q&A,"Q: บุตรอายุ 5 ขวบมีไข้ 38 องศา หน่วยบริการประจำตามสิทธิของเด็กอยู่ไกล สามารถพาบุตรเข้ารักษาหน่วยบริการอื่นใกล้บ้านได้หรือไม่ | A: ได้ ให้แจ้งความประสงค์พร้อมแสดงบัตรประจำตัวประชาชนประกอบการใช้สิทธิ"
doc.md,5,Q&A,"Q: ผู้มีสิทธิประกันสังคม สิทธิข้าราชการ สิทธิรัฐวิสาหกิจ สามารถใช้สิทธินโยบายปฐมภูมิไปที่ไหนก็ได้ ได้หรือไม่ | A: ไม่ได้ นโยบายนี้ใช้ได้เฉพาะผู้มีสิทธิหลักประกันสุขภาพแห่งชาติตเท่านั้น"
doc.md,5,Q&A,"Q: มีอาการกระเพาะปัสสาวะอักเสบ มาตรวจที่รพ.รัฐใกล้บ้านเจ้าหน้าที่แจ้งว่าต้องกลับไปขอใบส่งตัวจาก รพ.ตามสิทธิมาก่อน ต้องการทราบว่า กรณีนี้ใช้สิทธิปฐมภูมิไปที่ไหนก็ได้ ได้หรือไม่ | A: ใช้สิทธิได้โดยไม่ต้องใช้ใบส่งตัวเนื่องจากเข้ารับบริการเป็นผู้ป่วยนอกในหน่วยที่เข้าร่วมโครงการ"
doc.md,5,Q&A,"Q: ต้องการชุดหินปูน ไม่ได้ชุดมา 2 ปีแล้วเนื่องจากสถานการณ์โควิด-19 มาเข้ารับบริการที่หน่วยบริการตามสิทธิ แต่คิวในการรอทำฟันนาน 7 เดือน สามารถติดต่อหน่วยบริการอื่นของ สปสช. ได้หรือไม่ | A: ใช้กรณีปฐมภูมิไปที่ไหนก็ได้ โดยติดต่อหน่วยบริการในระบบของ สปสช. หรือหน่วยบริการเฉพาะด้านทันตกรรม แนะนำโทรศัพท์สอบถามหรือนัดหมายล่วงหน้าก่อนเข้ารับบริการ"
doc.md,6,Header 1,ผู้ป่วยใน
doc.md,6,Header 2,ไม่ต้องใช้ใบส่งตัว
doc.md,6,Header 3,กับประเทศ (IP Anywhere)
doc.md,6,Q&A,"Q: นโยบายผู้ป่วยในไม่ต้องใช้ใบส่งตัว ใช้ได้ทั่วประเทศหรือไม่ | A: ใช้ได้ทั่วประเทศ มีผลตั้งแต่วันที่ 1 มกราคม 2565 เป็นต้นไป"
doc.md,6,Q&A,"Q: ผู้ป่วยมีอาการปวดท้อง แพทย์วินิจฉัยว่าเป็นกรดไหลย้อน จะให้นอน rw. | A: ต้องใช้ใบส่งตัวจาก rw.ตามสิทธิ หรือไม่"
doc.md,6,Q&A,"Q: ผู้ป่วยรับยาเบาหวานต่อเนื่องที่ rw.รัฐมาตลอด โดยชำระค่าใช้จ่ายเอง วันนี้แพทย์ตรวจพบระดับน้ำตาลในเลือดสูง ให้นอนดูอาการที่ rw. | A: หากต้องการใช้สิทธิหลักประกันสุขภาพแห่งชาติ ต้องทำอย่างไร"
doc.md,6,Q&A,"Q: A: ให้ติดต่อแจ้งขอใช้สิทธิหลักประกันสุขภาพแห่งชาติ พร้อมแสดงบัตรประจำตัวประชาชน โดยไม่ต้องใช้ใบส่งตัวจาก rw.ตามสิทธิ | A: "
doc.md,7,Header 1,ผู้ป่วยใน
doc.md,7,Header 2,ไม่ต้องใช้ใบส่งตัว
doc.md,7,Header 3,กับประเทศ (IP Anywhere)
doc.md,7,Text,Q&A
doc.md,7,Q&A,"Q: แพทย์นัดผ่าตัดข้อเข่าเสื่อม แจ้งให้ไปขอใบส่งตัวที่ rw.ตามสิทธิ กรณีนี้ญาติตจะขอใช้สิทธิกรณีผู้ป่วยไม่ต้องใช้ใบส่งตัวได้หรือไม่ | A: หากเข้ารับการผ่าตัดที่ rw. ในระบบ สปสช. ผู้ป่วยสามารถใช้สิทธิรักษากรณีผู้ป่วยในไม่ต้องใช้ใบส่งตัวได้เลย"
doc.md,7,Q&A,"Q: บุตรอายุ 5 ปี เป็นโรคหัวใจแต่กำเนิด ผู้ปกครองพาบุตรมาเข้ารักษาที่ rw.รัฐ (ประจำจังหวัด) แพทย์แนะนำว่าต้องผ่าตัด จะต้องใช้ใบส่งตัวจาก rw. ตามสิทธิหรือไม่ | A: ไม่ต้องใช้ใบส่งตัว"
doc.md,7,Q&A,"Q: ผู้ป่วยมีอาการปวดท้อง เข้ารักษา rw.เอกชน ในระบบ สปสช. แพทย์วินิจฉัยเป็นกระดูกหลยอน จะให้นอน rw. ต้องใช้ใบส่งตัวจาก rw. ตามสิทธิหลักประกันสุขภาพแห่งชาติหรือไม่ | A: ไม่ต้องใช้ใบส่งตัว"
doc.md,8,Header 1,สิทธิประโยชน์โรคมะเร็ง
doc.md,8,Header 2,รับบริการที่ไหนก็ได้ที่พร้อม
doc.md,8,Text,(Cancer Anywhere)
doc.md,8,Header 3,Q&A
doc.md,8,Q&A,"Q: หากเป็นผู้ป่วยมะเร็งสามารถติดต่อเข้ารับการรักษาที่ไหนก็ได้ที่พร้อม (Cancer Anywhere) | A: ต้องติดต่อเข้ารับการรักษาที่หน่วยบริการที่เข้าร่วมโครงการ Cancer Anywhere สามารถตรวจสอบรายชื่อหน่วยบริการที่มีความพร้อมในการรักษาโรคมะเร็งได้"
doc.md,8,Q&A,"Q: 1.1 สายด่วน สปสช. 1330 | A: "
doc.md,8,Q&A,"Q: 1.2 Line @nhso | A: "
doc.md,8,Q&A,"Q: 1.3 Link เพื่อดูศึกยภาพหน่วยบริการ | A: "
doc.md,8,Q&A,"Q: https://reghosp.nhso.go.th/hospital_search/index.html | A: "
doc.md,8,Q&A,"Q: นโยบายโรคมะเร็งรับบริการที่ไหนก็ได้ที่พร้อม (Cancer Anywhere) ใช้ได้ในผู้ป่วยมะเร็งทุกชนิด และทุกวิธีการรักษาใช่หรือไม่ | A: นโยบายนี้ใช้ได้กับผู้ป่วยที่ได้รับการวินิจฉัยว่าเป็นมะเร็งแล้ว ใช้ได้กับมะเร็งทุกชนิดและทุกแผนการรักษา"
doc.md,8,Q&A,"Q: ผู้ป่วยเป็นมะเร็งปากมดลูก รพ.ตามสิทธิส่งตัวไปให้เคมีบำบัดที่ รพ.รัฐ ไม่แน่ใจว่าเป็น รพ. ที่เข้าร่วมโครงการ Cancer Anywhere หรือไม่ | A: กรุณาดังกล่าวผู้ป่วยใช้สิทธิได้หรือไม่ กรุณาดังกล่าวคือเป็นการส่งตัวตามระบบปกติ ผู้ป่วยสามารถใช้สิทธิได้"
doc.md,8,Q&A,"Q: เป็นผู้ประกันตน รักษาโรคมะเร็งที่ รพ.เอกชน ต่อนามาหมุดสิทธิ จากการเป็นผู้ประกันตนแล้ว ใช้สิทธิหลักประกันสุขภาพแห่งชาติ | A: รักษามะเร็งต่อเนื่องได้หรือไม่ ได้ หาก รพ. ที่รักษา มีความพร้อมในการรักษาโรคมะเร็งและเข้าร่วมในโครงการ Cancer Anywhere กับ สปสช. ได้ หาก รพ. ที่รักษาอยู่เดิมไม่ได้เข้าร่วมโครงการดังกล่าว ให้ผู้ป่วยนำประวัติการรักษาติดต่อหน่วยบริการที่พร้อมในระบบ สปสช. เท่านั้น"
doc.md,8,Q&A,"Q: ผู้ป่วยยังไม่ได้รับการยืนยันจากแพทย์ผู้รักษาว่าเป็นโรคมะเร็ง เนื่องจากผลยืนยันยังไม่ออก ระหว่างนี้มีภาวะซื้อ หากไปรักษาที่ รพ.รัฐแห่งอื่น ต้องมีใบส่งตัวจาก รพ. ตามสิทธิหรือไม่ | A: หากแพทย์มีนัดรักษาต่อเนื่อง จะต้องมีใบส่งตัวจาก รพ.ตามสิทธิ เว้นแต่ รพ. รับรักษากรณีผู้ป่วยในจังหวัดไม่ต้องใช้ใบส่งตัว"
doc.md,9,Header 1,สิทธิประโยชน์โรคมะเร็ง
doc.md,9,Header 2,รับบริการที่ไหนก็ได้ที่พร้อม
doc.md,9,Text,(Cancer Anywhere)
doc.md,9,Header 3,Q&A
doc.md,9,Q&A,"Q: รักษาโรคมะเร็งจนหายแล้วแพทย์มีนัดตรวจติดตามการรักษา จะต้องใช้ใบส่งตัวจาก SW. ตามสิทธิหรือไม่ | A: ไม่ต้องใช้ใบส่งตัว เนื่องจากนโยบายโรคมะเร็งไปรับบริการที่ไหนก็ได้ที่พร้อม ครอบคลุมการตรวจติดตามผลการรักษา (Follow up) ภายหลังจากการรักษาโรคมะเร็งและรักษาโรคแทรกซ้อนที่พบในการรักษามะเร็งในครั้งนั้น รวมถึงการตรวจทางห้องปฏิบัติการที่เกี่ยวข้อง เช่น X-RAY, CT Scan เป็นต้น"
doc.md,9,Q&A,"Q: หากรอคิวฉายแสง หรือให้เคมีบำบัดนานเป็นเดือน ไม่ถึงคิวนัดสักที ผู้ป่วยเกรงว่ามะเร็งจะลุกลาม ต้องการไปรักษาที่ SW. แห่งอื่นได้หรือไม่ | A: ได้ แนะนำปรึกษาแพทย์ผู้ให้การรักษาเพื่อนำหน่วยบริการที่พร้อมในการรักษาต่อเนื่อง ทั้งนี้ ควรติดต่อสอบถามหรือนัดหมายล่วงหน้ากับหน่วยบริการนั้นก่อน หรือปรึกษาสายด่วน"
doc.md,9,Q&A,"Q: หากต้องการไปรักษาโรคมะเร็ง กับ SW. เฉพาะทาง ต้องทำอย่างไร | A: ต้องนำประวัติที่ได้รับการวินิจฉัยว่าเป็นมะเร็งแล้วไปติดต่อ ทั้งนี้ควรติดต่อ SW.ก่อน เพื่อจองคิวนัดหมายล่วงหน้า"
doc.md,9,Q&A,"Q: ผู้ป่วยเป็นโรคมะเร็งปอด แพทย์สั่งยาที่มีชื่อว่า Erlotinib จะใช้สิทธิหลักประกันสุขภาพแห่งชาติได้หรือไม่ | A: ยา Erlotinib เป็นยาที่อยู่ในบัญชี จ.(2) ต้องสั่งจ่าย โดยแพทย์เฉพาะทางตามข้อบ่งใช้ตามเงื่อนไขของบัญชียาหลักแห่งชาติ หากแพทย์พิจารณาสั่งจ่ายก็สามารถใช้สิทธิได้"
doc.md,9,Q&A,"Q: ติดต่อเข้ารับบริการกับหน่วยที่เข้าร่วมโครงการ Cancer Anywhere แล้ว แต่เจ้าหน้าที่ให้ญาติ ไปขอหนังสือส่งตัวจากต้นสังกัดร่วมด้วย ทำไม่ได้รับความสะดวก กรณีนี้ต้องทำอย่างไร | A: สามารถแจ้งเรื่องผ่านสายด่วน สปสช. 1330 เพื่อรับเรื่องมาประสานทำความเข้าใจกับหน่วยบริการให้"
doc.md,10,Header 1,สิทธิประโยชน์
doc.md,10,Header 2,ทันตกรรม
doc.md,10,Bulleted List,"สิทธิประโยชน์ด้านทันตกรรม มีอะไรบ้าง"
doc.md,10,Bulleted List,สิทธิประโยชน์คุ้มครอง
doc.md,10,Bulleted List,ถอนฟัน
doc.md,10,Bulleted List,อุดฟัน
doc.md,10,Bulleted List,ขูดหินปูน
doc.md,10,Bulleted List,"ใส่ฟันปลอมฐานพลาสติก ฯลฯ"
doc.md,10,Header 2,Q&A
doc.md,10,Q&A,"Q: ผู้ที่จะใส่ฟันเทียมหรือฟันปลอม ต้องมีอายุ 60 ปีขึ้นไปใช่หรือไม่ | A: ไม่ได้จำกัดอายุ หากแพทย์พิจารณาเห็นว่า มีความจำเป็น ก็สามารถใช้สิทธิได้"
doc.md,10,Q&A,"Q: ฟันเทียมหรือฟันปลอมชารุด ใช้งานยังไม่ครบ 5 ปี จะไปทำไหม | A: ใช้สิทธิหลักประกันสุขภาพแห่งชาติได้หรือไม่"
doc.md,10,Q&A,"Q: ได้ ตามข้อบังชี้ทางการแพทย์ | A: "
doc.md,11,Header 1,สิทธิประโยชน์
doc.md,11,Header 2,ทันตกรรม
doc.md,11,Q&A,"Q: ปวดฟันคุด มีอาการอักเสบ กันตแพทย์แนะนำให้ผ่าตัด จะใช้สิทธิหลักประกันสุขภาพแห่งชาติได้หรือไม่ | A: เนื่องจากการผ่าฟันคุด คือวิธีการถอนฟันชนิดหนึ่ง"
doc.md,11,Header 2,คำถาม
doc.md,11,Q&A,"Q: ใช้สิทธิหลักประกันสุขภาพแห่งชาติในการเคลือบฟลูออไรด์ได้หรือไม่ | A: หากเป็นกลุ่มเสี่ยงต่อการเกิดโรคฟันผุ ตามกลุ่มอายุที่ สปสช. กำหนด เช่น เด็ก ผู้สูงอายุ ผู้ป่วยมะเร็งที่ได้รับการฉายแสงบริเวณใบหน้าและลำคอ"
doc.md,11,Header 2,คำถาม
doc.md,11,Q&A,"Q: ต้องการขูดหินปูนและจุดฟันในวันเดียวกัน จะใช้สิทธิหลักประกันสุขภาพแห่งชาติได้หรือไม่ | A: หากแพทย์พิจารณาว่ามีความจำเป็น"
doc.md,11,Header 2,คำถาม
doc.md,11,Q&A,"Q: สิทธิหลักประกันสุขภาพแห่งชาติ คุ้มครองการใส่ฟันเทียมแบบซิหรือแบบทั่วไป | A: คุ้มครองการใส่ฟันเทียมถอดได้ทั้งแบบซิและถอดได้ทั่วไป"
doc.md,12,Header 1,สิทธิประโยชน์
doc.md,12,Header 2,ทันตกรรม
doc.md,12,Q&A,"Q: Q&A ต้องการฝังรากฟันเทียม ต้องทำอย่างไร ติดต่อที่ไหน | A: ติดต่อ รพ.ตามสิทธิ เพื่อให้ทันตแพทย์ตรวจประเมิน หากเกินศักยภาพจะพิจารณาส่งต่อไป รพ. ที่มีศักยภาพแทน"
doc.md,12,Q&A,"Q: Q&A ต้องการจัดฟัน ไปติดต่อกลินิกเอกชนใกล้บ้าน แพทย์ตรวจช่องปากแจ้งต้องถอนฟัน ผ่าฟัน เพื่อเตรียมช่องปากในการจัดฟัน กรุณานี้สามารถใช้สิทธิหลักประกันสุขภาพแห่งชาติได้หรือไม่ | A: การเตรียมช่องปากสำหรับจัดฟันเพื่อความสวยงาม ไม่อยู่ในสิทธิหลักประกันสุขภาพแห่งชาติ"
doc.md,12,Q&A,"Q: Q&A เด็กอายุ 3 ปี ผู้ปกครองพาไปตรวจสุขภาพช่องปาก ทันตแพทย์พบว่าฟันกรามผุ แนะนำรักษาโพรงประสาทฟันน้ำนม กรุณานี้ใช้สิทธิหลักประกันสุขภาพแห่งชาติได้หรือไม่ | A: ได้เนื่องจากการรักษาโพรงประสาทฟันน้ำนมอยู่ในความคุ้มครอง"
doc.md,12,Q&A,"Q: Q&A เด็กชายหลังจากได้รับการผ่าตัดปากแหว่งเพดานไหว แพทย์ตรวจพบความผิดปกติของรูปหงือกและการสมฟัน ทำให้ไม่สามารถเคี้ยวอาหารได้ จึงจำเป็นต้องทำทันตกรรมจัดฟันร่วมด้วย การจัดฟันสำหรับเด็กรายนี้ใช้สิทธิหลักประกันสุขภาพแห่งชาติได้หรือไม่ | A: ได้เนื่องจากเป็นการรักษาที่มีข้อบ่งชี้ทางการแพทย์"
doc.md,13,Header 1,สิทธิประโยชน์ เกี่ยวกับ
doc.md,13,Header 2,โรคไต้
doc.md,13,Header 3,Q&A
doc.md,13,Q&A,"Q: ผู้ป่วยล้างไต่ผ่านทางช่องท้องตั้งแต่ปี 2556 ทราบข่าวว่า สปสช. เปิดโอกาสให้ผู้ป่วยเลือกวิธีการฟอกไต่ได้โดยไม่มีค่าใช้จ่าย จึงต้องการทราบเงื่อนไขการเลือกวิธีการรักษา | A: หากผู้ป่วยที่เคยล้างไต่ผ่านทางช่องท้อง ก่อนวันที่ 1 ก.พ. 2565 ต้องการเปลี่ยนมาใช้วิธี ฟอกเลือดด้วยเครื่องไตเทียม แนะนำปรึกษาแพทย์เพื่อร่วมตัดสินใจเลือกการรักษาแบบไหน"
doc.md,13,Q&A,"Q: ผู้ป่วยกินยาและรับผิดชอบค่าใช้จ่ายมาโดยตลอด ปัจจุบันแพทย์เห็นควรต้องฟอกไต่ หากต้องการใช้สิทธิหลักประกันสุขภาพแห่งชาติต้องทำอย่างไร | A: ต้องดำเนินการดังนี้ 1. นำประวัติการรักษาติดต่อ รพ.ตามสิทธิ เพื่อให้แพทย์ตรวจประเมิน และร่วมหาแนวทาง การบำบัดทดแทนไต่ที่เหมาะสม 2. หาก รพ.ตามสิทธิ เป็นหน่วยที่สามารถให้บริการบำบัดทดแทนไต่ได้ ก็จะลงทะเบียนผู้ป่วยไว้ในระบบ หรือจะส่งต่อให้หน่วยที่เข้าร่วมโครงการบำบัดทดแทนไต่ ลงทะเบียนให้ผู้ป่วยแทน ในกรณีเกินศักยภาพ"
doc.md,13,Q&A,"Q: เดิมล้างไต่ผ่านทางช่องท้องโดยใช้สิทธิหลักประกันสุขภาพแห่งชาติ ปัจจุบันเปลี่ยนมาใช้สิทธิประกันสังคม จะมีการจัดส่งน้ำยาล้างไต่ให้ถึงบ้านเหมือนเดิมหรือไม่ | A: การจัดส่งน้ำยาล้างไต่ถึงบ้านผู้ป่วย ดำเนินการให้สำหรับผู้มีสิทธิหลักประกันสุขภาพแห่งชาติเท่านั้น หากสิทธิการรักษาเปลี่ยนแปลงการกำหนดวิธีการดูแลผู้ป่วย ให้เป็นไปตามแนวทางและเงื่อนไขของแต่ละกองทุน"
doc.md,14,Header 1,สิทธิประโยชน์ เกี่ยวกับ
doc.md,14,Header 2,โรคไต้
doc.md,14,Header 3,Q&A
doc.md,14,Q&A,"Q: ผู้ป่วยล้างไต่ผ่านทางช่องท้องสมัครเข้าโครงการของ สปสช. และกรณีต้องออกไปทำธุระหรืออยู่ใหม่ สามารถติดต่อรับน้ำยาล้างไต่ที่ได้ | A: "
doc.md,14,Q&A,"Q: ติดต่อขอรับน้ำยาล้างไต่กับหน่วยบริการที่เข้าร่วมโครงการบำบัดทดแทนไต่กับ สปสช. ได้ทุกแห่ง ทั้งนี้ ควรแจ้งให้หน่วยบริการเดิมของตนเองทราบด้วย เพื่อการบริหารจัดการน้ำยาล้างไตระหว่าง 2 หน่วยบริการ และหากย้ายที่พักอาศัยเป็นการถาวร ต้องลงทะเบียนย้ายสิทธิให้ตรงกับที่พักอาศัยจริงร่วมด้วย | A: "
doc.md,14,Header 3,Q&A
doc.md,14,Q&A,"Q: เป็นผู้ป่วยล้างไตผ่านทางช่องท้อง ต้องการเปลี่ยนมาใช้ การล้างไตทางช่องท้องด้วยเครื่องอัตโนมัติ (APD) ต้องทำอย่างไร | A: "
doc.md,14,Q&A,"Q: แนะนำปรึกษาแพทย์ผู้ให้การรักษาเพื่อร่วมตัดสินใจ หากแพทย์ พิจารณาแล้วพบว่า การล้างไตทางช่องท้องด้วยเครื่องอัตโนมัติ มีความเหมาะสมกับผู้ป่วย ก็จะสามารถใช้สิทธิได้ | A: "
doc.md,14,Header 3,Q&A
doc.md,14,Q&A,"Q: ผู้ป่วยฟอกไตด้วยสิทธิหลักประกันสุขภาพแห่งชาติ เข้ารพ. ที่รักษาประจำ แพทย์แจ้งเส้นฟอกเลือดตีบและตัน ต้องทำเส้นฟอกไตใหม่ โดยเรียกเก็บส่วนเกินค่าทำเส้น อยากจะทราบว่า ใช้สิทธิหลักประกันสุขภาพแห่งชาติได้หรือไม่ | A: "
doc.md,14,Q&A,"Q: ผู้ป่วยสามารถใช้สิทธิได้ หากมีปัญหาการใช้สิทธิติดต่อสายด่วน สปสช.1330 ตลอด 24 ชม. | A: "
doc.md,15,Header 1,สิทธิประโยชน์เกี่ยวกับโรคไต้
doc.md,15,Header 2,Q&A
doc.md,15,Q&A,"Q: เคยเป็นผู้ประกันตน ใช้สิทธิฟอกเลือดด้วยเครื่องไตเทียมอยู่ในสถานพยาบาลเอกชน เมื่อเปลี่ยนเป็นสิทธิหลักประกันสุขภาพแห่งชาติ สามารถรับบริการต่อเนื่องที่หน่วยเดิมได้เลยหรือไม่? | A: หากหน่วยเดิมเข้าร่วมโครงการบำบัดทดแทนไตกับ สปสช. ผู้ป่วยสามารถใช้สิทธิได้ต่อเนื่อง โดยแจ้งความประสงค์ให้หน่วยดังกล่าวทราบเพื่อบันทึกข้อมูลลงทะเบียนการใช้สิทธิในระบบ แต่หากหน่วยดังกล่าวไม่เข้าร่วม แนะนำขอประวัติการรักษาติดต่อหน่วยบริการตามสิทธิ เพื่อพิจารณาแนวทางรักษาต่อเนื่องต่อไป"
doc.md,15,Q&A,"Q: ผู้ป่วยไตวาย มีสิทธิได้รับการปลูกถ่ายไตหรือไม่? | A: การปลูกถ่ายไต อยู่ในสิทธิประโยชน์หลักประกันสุขภาพแห่งชาติ กึ่งจากไตที่มีผู้บริจาค และจากญาติสายตรง รวมทั้งได้รับยากดภูมิหลังปลูกถ่ายไตโดยไม่เสียค่าใช้จ่ายด้วย แนะนำติดต่อหน่วยตามสิทธิเพื่อลงทะเบียนและพิจารณาส่งต่อ"
doc.md,15,Q&A,"Q: เคยปลูกถ่ายไต โดยเสียค่าใช้จ่ายเอง สามารถใช้สิทธิหลักประกันสุขภาพแห่งชาติรับยากดภูมิต่อเนื่องได้หรือไม่? | A: ได้ โดยนำประวัติการปลูกถ่ายไตและการรับยากดภูมิ ติดต่อหน่วยบริการตามสิทธิ หรือหน่วยบริการที่เข้าร่วมโครงการบำบัดทดแทนไต"
doc.md,15,Q&A,"Q: สามารถดูรายชื่อหน่วยบริการที่ให้บริการ ล้างไตผ่านทางช่องท้องฟอกเลือดด้วยเครื่องไตเทียมและปลูกถ่ายไต จากช่องทางไหน | A: ติดต่อผ่านสายด่วน สปสช.1330 หรือสิงก์เพื่อดูศึกษาภาพการบริการ [https://reghosp.nhso.go.th/hospital_search/index.html](https://reghosp.nhso.go.th/hospital_search/index.html)"
doc.md,16,Header 1,สิทธิประโยชน์
doc.md,16,Header 2,"HIV และ AIDS"
doc.md,16,Bulleted List,หากต้องการตรวจเลือดเนื่องจากมีความเสี่ยงต่อการติดเชื้อเอชไอวี ต้องติดต่อกับที่ไหน
doc.md,16,Header 3,A
doc.md,16,Bulleted List,"ติดต่อ SW.ตามสิทธิหรือหน่วยบริการในระบบหลักประกันสุขภาพแห่งชาติได้ทุกแห่ง สิทธิประโยชน์ดังกล่าวครอบคลุมการให้คำปรึกษาและตรวจหาการติดเชื้อเอชไอวีโดยสมัครใจ ไม่เกิน 2 ครั้งต่อปีงบประมาณร่วมกับเจ้าถุงยางอนามัย"
doc.md,16,Header 2,เอกสารประกอบใบสมัครงาน
doc.md,16,Bulleted List,ระบุให้แน่นผลการตรวจเลือดเพื่อหาเชื้อเอชไอวร่วมด้วยกรณีนี้จะใช้สิทธิหลักประกันสุขภาพแห่งชาติได้หรือไม่
doc.md,16,Header 3,A
doc.md,16,Bulleted List,"ไม่ได้เนื่องจากการตรวจหาการติดเชื้อเพื่อนำผลไปประกอบการทำธุรกรรมต่างๆอาทิ สมัครเข้าทำงาน สมัครเข้ารับการศึกษา การบวชพระ ตรวจเลือดเพื่อทำประกันชีวิต สิทธิหลักประกันสุขภาพแห่งชาติไม่ได้คุ้มครองกรณีนี้"
doc.md,16,Header 2,ยา PreP คือยาอะไร ใช้สิทธิได้หรือไม่
doc.md,16,Bulleted List,"ยา PreP (เฟร็พ) (Pre-Exposure Prophylaxis : PreP) คือยาที่ใช้ป้องกันการติดเชื้อเอชไอวิก่อนการสัมผัสเชื้อ จะจ่ายให้กับผู้มีสิทธิหลักประกันสุขภาพแห่งชาติที่มีความเสี่ยง"
doc.md,16,Header 2,"ยา PEP (เป๊ป) แตกต่างจากยา PreP (เฟร็พ) อย่างไร"
doc.md,16,Bulleted List,"ยา PEP (เป๊ป) (Post-Exposure Prophylaxis : PEP) คือยาที่ใช้ป้องกันการติดเชื้อเอชไอวีหลังการสัมผัสเชื้อ จะจ่ายให้กับผู้มีสิทธิหลักประกันสุขภาพแห่งชาติที่มีความเสี่ยง"
doc.md,17,Header 1,สิทธิประโยชน์
doc.md,17,Header 2,"ผู้ติดเชื้อเอชไอวี และผู้ป่วยเอดส์"
doc.md,17,Text,"Q&A ติดต่อรับถุงยางอนามัย ได้ที่ไหน"
doc.md,17,Text,"สำหรับผู้มีสิทธิหลักประกันสุขภาพแห่งชาติ ติดต่อขอรับถุงยางอนามัยได้ฟรี ไม่มีค่าใช้จ่าย ผ่านช่องทาง ดังนี้"
doc.md,17,Text,"1. ติดต่อหน่วยบริการในระบบหลักประกันสุขภาพแห่งชาติที่ร่วมจัดบริการ เช่น รพศ., รพท., รพช."
doc.md,17,Bulleted List,"รพ.มหาวิทยาลัย ศูนย์บริการสาธารณสุข ร้านยา คลินิกเวชกรรม คลินิกชุมชนอบอุ่น เป็นต้น"
doc.md,17,Text,"2. จองผ่านแอปเป้าตั้ง เลือกหน่วยบริการที่สะดวกเดินทางไปรับ"
doc.md,17,Text,"กึ่งนี้ผู้รับบริการควรตรวจสอบสถานะหรือนัดหมายล่วงหน้ากับหน่วยบริการก่อนเข้ารับบริการทุกครั้ง"
doc.md,17,Text,"3. ผ่านตู้กดอัตโนมัติ ปัจจุบันนำร่องติดตั้ง 2 จุดบริการในพื้นที่เมืองพัทยา จ.ชลบุรี คือ"
doc.md,17,Bulleted List,อารมณ์ราเรื่องแหลมบาลีฮาย และ รพ.เมืองพัทยา
doc.md,17,Header 2,"การตรวจคัดกรองและตรวจยืนยันไวรัสตับอักเสบซี (HCV)"
doc.md,17,Bulleted List,ในผู้ติดเชื้อเอชไอวี ใช้สิทธิหลักประกันสุขภาพแห่งชาติ ได้หรือไม่
doc.md,17,Text,"ใช้สิทธิได้ โดยสิทธิประโยชน์ดังกล่าว ครอบคลุมกลุ่มเป้าหมายที่ติดเชื้อเอชไอวี และผู้ติดสารเสพติดด้วยวิธีการฉีด สามารถขอรับการตรวจได้ที่ รพ.ตามสิทธิ หรือหน่วยบริการในระบบหลักประกันสุขภาพแห่งชาติได้ทุกแห่ง"
doc.md,17,Header 2,"แพทย์สั่งตรวจ CD4 ให้เตรียมเงินค่าตรวจ ประมาณ 600 บาท"
doc.md,17,Bulleted List,จะใช้สิทธิหลักประกันสุขภาพแห่งชาติได้หรือไม่
doc.md,17,Text,"ได้ การตรวจ CD4 คือ"
doc.md,17,Bulleted List,"การตรวจหาจำนวนเม็ดเลือดขาวเพื่อประเมินความแข็งแรงของระบบภูมิคุ้มกันของร่างกาย โดยเฉพาะผู้ที่มีเชื้อเอชไอวียู่ในร่างกาย และยังตรวจเพื่อประเมินการตอบสนองต่อการรักษาด้วยยาต้านไวรัสอีกด้วย แนะนำเข้ารับบริการ รพ.ตามสิทธิ หรือหน่วยบริการในระบบหลักประกันสุขภาพแห่งชาติได้ทุกแห่ง"
doc.md,17,Header 2,"รับยาต้านไวรัสกับ รพ. ที่รักษาประจำอยู่ต่างจังหวัด"
doc.md,17,Bulleted List,"ตอนนี้เดินทางมาธุระ กทม. ยากหมาก จะไปขอรับยาต้านไวรัส กับ รพ. ใน กทม. ได้หรือไม่"
doc.md,17,Text,"ได้ แนะนำเข้ารับบริการหน่วยบริการในระบบหลักประกันสุขภาพแห่งชาติ ที่มีศักยภาพในการจ่ายยาต้านไวรัสได้ทุกแห่ง โดยแจ้ง รพ.ที่เคยรับยาต้านไวรัสก่อนหน้าร่วมด้วย เพื่อการบริหารจัดการยาระหว่าง 2 รพ. ทั้งนี้ควรโทรสอบถามหรือนัดหมายล่วงหน้าก่อนเข้ารับบริการ"
doc.md,18,Header 1,สิทธิประโยชน์
doc.md,18,Header 2,การฝากครรภ์และคลอดบุตร
doc.md,18,Q&A,"Q: Q&A ประจำเดือนขาด 2 เดือน สงสัยว่าตั้งครรภ์ ใช้สิทธิหลักประกันสุขภาพแห่งชาติในการตรวจการตั้งครรภ์ได้หรือไม่ | A: ได้ โดยแพทย์จะชักประวัติเพิ่มเติมและตรวจอัสสมาระเพื่อยืนยันการตั้งครรภ์"
doc.md,18,Q&A,"Q: Q&A ฝากครรภ์ จำกัดจำนวนครั้งหรือไม่ ต้องทำอย่างไร | A: ไม่จำกัดจำนวนครั้ง สามารถติดต่อเข้ารับการฝากครรภ์ได้ที่หน่วยบริการตามสิทธิหรือหน่วยบริการในระบบหลักประกันสุขภาพแห่งชาติได้ทุกแห่ง"
doc.md,18,Q&A,"Q: Q&A ตั้งครรภ์ได้ 6 เดือน ต้องการตรวจอัลตราซาวด์ เพื่อดูพื้นที่ของเด็กในท้อง ใช้สิทธิหลักประกันสุขภาพแห่งชาติได้หรือไม่ | A: ไม่ได้ จะใช้สิทธิได้กรณีมีข้อบกพร่องทางการแพทย์ เช่น ตรวจเพื่อยืนยันอายุครรภ์ จำนวนทารก และสัญญาณชีพของการงาน เป็นต้น"
doc.md,18,Q&A,"Q: Q&A การเจาะนำครรภ์ในหญิงตั้งครรภ์ ใช้สิทธิหลักประกันสุขภาพแห่งชาติได้หรือไม่ | A: ใช้สิทธิได้ หากเป็นการเจาะตามข้อบกพร่องทางการแพทย์ เช่น เพื่อวินิจฉัยโรคดาวน์ซินโดรม โรคลิหิตจากธาตุสีซีเมีย"
doc.md,18,Q&A,"Q: Q&A มารดา มีสิทธิประกันสังคม รพ.รัฐ บุตรคลอดออกมาต้องเข้าตู้อบ บุตรสามารถใช้สิทธิหลักประกันสุขภาพแห่งชาติได้หรือไม่ | A: ได้ หากบิดาไม่มีสิทธิสวัสดิการใดๆ ด้านการรักษาพยาบาลให้กับบุตร"
doc.md,19,Header 1,สิทธิประโยชน์
doc.md,19,Header 2,การฝากครรภ์และคลอดบุตร
doc.md,19,Bulleted List,Q&A
doc.md,19,Header 3,"Q:"
doc.md,19,Bulleted List,สามีมีสิทธิประกันสังคม กรณยามีสิทธิหลักประกันสุขภาพแห่งชาติ กรณยาจะใช้สิทธิฝากครรภ์และคลอดบุตรที่ รพ.ตามสิทธิได้หรือไม่
doc.md,19,Header 3,"A:"
doc.md,19,Bulleted List,"เนื่องจากกรณยาเป็นผู้มีสิทธิหลักประกันสุขภาพแห่งชาติ เมื่อจะมารับบริการที่ รพ.ตามสิทธิก็สามารถใช้สิทธิของตนเองได้ สำหรับสามีเนื่องจากเป็นผู้ประกันตน สามีขอรับประโยชน์ทดแทนกรณีคลอดบุตรจากสิทธิประกันสังคมได้ ปัจจุบันเหมาจ่ายในอัตรา 15,000 บาท ไม่จำกัดจำนวนครั้ง"
doc.md,19,Header 3,"Q:"
doc.md,19,Bulleted List,เป็นผู้ประกันตนส่งเงินสมทบไม่ครบ 5 เดือน จะใช้สิทธิหลักประกันสุขภาพแห่งชาติในการฝากครรภ์และคลอดบุตรได้หรือไม่
doc.md,19,Header 3,"A:"
doc.md,19,Bulleted List,"ใช้สิทธิได้ เนื่องจากผู้ประกันตนที่ส่งเงินสมทบไม่ครบ 5 เดือน ยังไม่ได้รับประโยชน์ทดแทนกรณีคลอดบุตรตามกฎหมายประกันสังคม แนะนำติดต่อสำนักงานประกันสังคมเขตพื้นที่เพื่อขอหนังสือรับรองว่าส่งเงินสมทบไม่ครบ 5 เดือน แจ้งขอใช้สิทธิกับหน่วยบริการในระบบของ สปสช. ได้ทุกแห่ง"
doc.md,19,Header 3,"Q:"
doc.md,19,Bulleted List,"มารดาขอให้แพทย์ผ่าคลอดทางหน้าท้อง เนื่องจากกลัวการเจ็บครรภ์ กรณีนี้ใช้สิทธิได้หรือไม่"
doc.md,19,Header 3,"A:"
doc.md,19,Bulleted List,การผ่าคลอดหรือคลอดเองตามธรรมชาติ ขึ้นอยู่กับข้อบ่งชี้ของแพทย์ โดยแพทย์จะประเมินจากภาวะอาการของหญิงตั้งครรภ์ร่วมด้วย
doc.md,19,Header 3,"Q:"
doc.md,19,Bulleted List,"ตั้งครรภ์ 9 เดือน ฝากครรภ์ที่ รพ.ตามสิทธิ ใน กทม. เดินทางมาจากงานศพญาติต่างจังหวัดแล้วเข้าท้องคลอด จะใช้สิทธิหลักประกันสุขภาพแห่งชาติในการคลอดบุตรได้หรือไม่"
doc.md,19,Header 3,"A:"
doc.md,19,Bulleted List,หากเข้ารับบริการในหน่วยบริการที่เข้าร่วมในระบบ สปสช. โดยไม่ต้องกลับไปขอใบส่งตัว เป็นไปตามนโยบายผู้ป่วยในไม่ต้องใช้ใบส่งตัว
doc.md,19,Header 3,"Q:"
doc.md,19,Bulleted List,หลังคลอดแล้วใช้สิทธิหลักประกันสุขภาพแห่งชาติในการทำหมันได้หรือไม่
doc.md,19,Header 3,"A:"
doc.md,19,Bulleted List,เพราะถือเป็นการวางแผนครอบครัว
doc.md,20,Header 1,สิทธิประโยชน์
doc.md,20,Header 2,"ยา เวชภัณฑ์ อวัยวะเทียม และอุปกรณ์ทางการแพทย์"
doc.md,20,Header 3,Q&A
doc.md,20,Bulleted List,สิทธิหลักประกันสุขภาพแห่งชาติ
doc.md,20,Bulleted List,สามารถใช้สิทธิรับยานอกบัญชีได้หรือไม่
doc.md,20,Bulleted List,"สิทธิหลักประกันสุขภาพแห่งชาติ คุ้มครองยาและเวชภัณฑ์ตามกรอบบัญชียาหลักแห่งชาติ ยกเว้นแพทย์พิจารณาเห็นควรต้องจ่ายยานนอกบัญชียาหลักแห่งชาติ เนื่องจากไม่มียาในบัญชียาหลักแห่งชาติตดแทนผู้ป่วยจึงจะสามารถใช้สิทธิได้"
doc.md,20,Bulleted List,"ป่วยเป็นงูสวัด จะขอใช้ยาต้านไวรัส"
doc.md,20,Bulleted List,ซึ่งเป็นยานอกบัญชียาหลักแห่งชาติ ต้องเสียค่าใช้จ่ายหรือไม่
doc.md,20,Bulleted List,"หากแพทย์วินิจฉัยจำเป็นต้องใช้ยาต้านไวรัสในการรักษา ซึ่งไม่มียาในบัญชียาหลักแห่งชาติติดแทน โดยผู้ป่วยไม่ได้ร้องขอสามารถใช้สิทธิหลักประกันสุขภาพแห่งชาติได้"
doc.md,20,Bulleted List,"ผู้ป่วยเป็นโรคมะเร็งลำไส้ใหญ่ ต้องใช้"
doc.md,20,Bulleted List,"กุญแจถ่ายของเสียทางหน้าท้อง (Colostomy bag) ใช้สิทธิหลักประกันสุขภาพแห่งชาติได้หรือไม่"
doc.md,20,Bulleted List,"ได้เนื่องจากกุญแจถ่ายของเสียทางหน้าท้อง (Colostomy bag) อยู่ในสิทธิประโยชน์เป็นไปตามข้อบังชี้ทางการแพทย์"
doc.md,20,Bulleted List,"ผู้ป่วยโรคเบาหวาน แพทย์สั่งจ่ายยาอินซูลิน"
doc.md,20,Bulleted List,ให้มาฉีดเองที่บ้าน กรุณาต้องรับผิดชอบ ค่าเข็มฉีดอินซูลินหรือไม่
doc.md,20,Bulleted List,"ไม่ต้องเนื่องจากเข็มฉีดยาอินซูลิน เป็นอุปกรณ์ที่จำเป็นต่อการรักษาพยาบาล ใช้สิทธิหลักประกันสุขภาพแห่งชาติได้"
doc.md,21,Header 1,สิทธิประโยชน์
doc.md,21,Header 2,"ยา เวชภัณฑ์ อวัยวะเทียม และอุปกรณ์ทางการแพทย์"
doc.md,21,Text,"ผู้ป่วยติดเตียง ต้องใช้ผ้าอ้อมในการรองรับการขับถ่าย สิทธิหลักประกันสุขภาพแห่งชาติคุ้มครองการเบิกจ่าย ผ้าอ้อม หรือแผ่นรองซับการขับถ่ายหรือไม่ ใช้สิทธิอย่างไร"
doc.md,21,Header 3,Q&A
doc.md,21,Bulleted List,"ผ้าอ้อมหรือแผ่นรองซับอยู่ในความคุ้มครอง โดยจะเบิกจ่ายให้ในกลุ่มเป้าหมายที่เป็นผู้ป่วยติดบ้าน ติดเตียง หรือผู้ที่มีปัญหาเกล้าอุจจาระ ปัสสาวะไม่ได้ สามารถแจ้งความประสงค์ขอรับได้ที่หน่วยบริการตามสิทธิ"
doc.md,21,Header 3,"บุตรเรียนชั้น ป.3 แพทย์ตรวจพบสายตาสั้น มีอุปสรรคต่อการเรียน กรุณาขอใช้สิทธิหลักประกันสุขภาพแห่งชาติรับแว่นตาได้หรือไม่"
doc.md,21,Bulleted List,สามารถใช้สิทธิได้ โดยสิทธิประโยชน์ดังกล่าวเน้นกลุ่มเป้าหมาย ดังนี้
doc.md,21,Bulleted List,เน้นเด็ก ป.1 ทุกคน
doc.md,21,Bulleted List,"เด็กอนุบาล 1-3 และ ป.2-6"
doc.md,21,Text,"โดยครูหรือผู้ปกครองที่พบความผิดปกติของสายตาเด็ก สามารถนำเด็กเข้ารับการตรวจ ยังหน่วยบริการตามสิทธิ หากจักษุแพทย์ประเมินพบความผิดปกติเห็นควรสั่งตัดแว่น จะใช้สิทธิได้ โดยจะได้รับแว่นสายตา 1 อัน/คน/ปี"
doc.md,21,Header 3,"1 ปีที่ผ่านมาผู้ป่วยประสบอุบัติเหตุทางรางรถ"
doc.md,21,Bulleted List,"เดินข้ามถนนถูกชนขาขาด แพทย์ตัดขาทั้งสองข้าง มีสมุดคนพิการร่วมด้วย จะใช้สิทธิหลักประกันสุขภาพแห่งชาติ ในการรับรถเข็นสำหรับคนพิการได้หรือไม่"
doc.md,21,Bulleted List,"ได้ เนื่องจากอยู่ในความคุ้มครอง ติดต่อขอรับรถเข็นคนพิการได้ที่ รพ.ตามสิทธิ หรือหน่วยบริการของรัฐได้ทุกแห่ง"
doc.md,22,Header 1,สิทธิประโยชน์
doc.md,22,Header 2,"ยา เวชภัณฑ์ อวัยวะเทียม และอุปกรณ์ทางการแพทย์"
doc.md,22,Header 3,Q&A
doc.md,22,Q&A,"Q: แพทย์ตรวจพบว่ามีความผิดปกติตามการได้ยิน แนะนำให้ใช้เครื่องช่วยฟัง ต้องการทราบว่าใช้สิทธิหลักประกันสุขภาพแห่งชาติได้หรือไม่ และติดต่อขอรับอุปกรณ์ที่ไหน | A: ใช้สิทธิได้ หากมีเอกสารหรือสมุดรับรองความพิการ โดยติดต่อขอรับได้ที่ รพ.ตามสิทธิ หรือหน่วยบริการที่ขึ้นทะเบียนเบิกจ่ายเครื่องช่วยฟัง สอบถามรายชื่อหน่วยบริการได้จากสายด่วน สปสช.1330"
doc.md,22,Q&A,"Q: ผู้ป่วยอายุมากแล้ว เป็นโรคหูบหืดและมีปัญหาระบบทางเดินหายใจ ต้องใช้ออกซิเจนเพื่อการบำบัดอาการป่วยที่บ้าน ใช้สิทธิหลักประกันสุขภาพแห่งชาติได้หรือไม่ | A: ใช้สิทธิได้ โดยนำถังออกซิเจนมาเติมที่ รพ.ตามสิทธิ"
doc.md,22,Q&A,"Q: ผู้ป่วยได้รับอุบัติเหตุตกบันได ต้องใช้เสื้อเกราะพยุงหลัง ผู้ป่วยต้องเสียค่าเสื้อเกราะเองหรือไม่ | A: ไม่ต้อง หากแพทย์มีข้อบ่งชี้ว่าเป็นต้องใช้"
doc.md,22,Q&A,"Q: มีอาการออฟฟิศซินโดรม (Office Syndrome) ต้องการฝังเข็มคลายเส้น และอาการปวด ใช้สิทธิหลักประกันสุขภาพแห่งชาติได้หรือไม่ | A: ใช้สิทธิได้ หากแพทย์พิจารณาแนวทางรักษาด้วยวิธีใดกล่าว"
doc.md,22,Q&A,"Q: ยาฟาวิพิราเวียร์ (Favipiravir) และยาโมลนูพิราเวียร์ (Molnupiravir) ที่จะให้กับผู้ป่วยโควิด อยู่ในสิทธิหลักประกันสุขภาพแห่งชาติหรือไม่ | A: อยู่ในสิทธิ โดยแพทย์จะเป็นผู้พิจารณาจ่ายให้ตามความจำเป็นสำหรับผู้ป่วยบางราย"
doc.md,23,Header 1,การใช้สิทธิกรณีอุบัติเหตุเจ็บป่วยฉุกเฉิน
doc.md,23,Header 2,Q&A
doc.md,23,Q&A,"Q: กรณีอุบัติเหตุ เจ็บป่วยฉุกเฉิน ใช้สิทธิอย่างไร | A: ใช้สิทธิเข้ารับบริการใน rw. ของรัฐหรือเอกชนที่อยู่ในระบบหลักประกันสุขภาพแห่งชาติได้ทุกแห่งที่ใกล้ที่สุด โดยแจ้งใช้สิทธิพร้อมแสดงบัตรประจำตัวประชาชน หากเป็นเด็กอายุต่ำกว่า 15 ปี ใช้สูติบัตร หรือน้ำประจำตัวประชาชนเด็ก"
doc.md,23,Q&A,"Q: มีสิทธิหลักประกันสุขภาพแห่งชาติใน กทม. ไปเยี่ยมญาติที่ต่างจังหวัด แล้วถูกสุนักกัด จะใช้สิทธิหลักประกันสุขภาพแห่งชาติในการทำแผล และฉีดวัคซีนป้องกันโรคพิษสุนักบ้าได้หรือไม่ | A: ได้เนื่องจากกรณีดังกล่าวเป็นอุบัติเหตุ การทำแผลและการฉีดวัคซีนป้องกันโรคพิษสุนักบ้า ผู้ป่วยสามารถรับบริการได้จนครบตามกำหนดของการรับวัคซีนนั้น (เฉพาะกรณีที่ไม่สามารถเดินทางกลับไปรับวัคซีนเข็มถัดไปที่ rw.ตามสิทธิได้)"
doc.md,23,Q&A,"Q: กินยาอนหลับจำนวนมากห่วงช่วยตัวตาย แต่ทำไมสำเร็จญาติมาพบแล้วรับนำส่ง rw.เพื่อล้างท้องกรณีนี้ใช้สิทธิหลักประกันสุขภาพแห่งชาติได้หรือไม่ | A: ใช้สิทธิได้ สามารถเข้ารับบริการหน่วยบริการในระบบหลักประกันสุขภาพแห่งชาติได้ทุกแห่ง"
doc.md,23,Q&A,"Q: ถูกคู่กรณีทำรายร่างกาย ใช้มือดึงแรงเว้นหน้าท้องพลเมืองดีนำส่ง rw.รัฐ ต้องผ่านตัดช่องท้อง หลังออกจาก rw.แพทย์นัดทำแผลทุกวัน กรณีนี้จะใช้สิทธิหลักประกันสุขภาพแห่งชาติกรณีฉุกเฉินต่อเนื่องกับ rw. ที่รับรักษาได้หรือไม่ | A: กรณีนี้จะใช้สิทธิฉุกเฉินทำแผลต่อเนื่องได้ไม่เกิน 15 วัน ในกรณีที่ผู้ป่วยยังไม่สามารถกลับไปรับบริการที่ rw.ตามสิทธิได้"
doc.md,24,Header 1,การใช้สิทธิกรณีฉุกเฉิน
doc.md,24,Header 2,อุบัติเหตุ
doc.md,24,Bulleted List,"เจ็บป่วยฉุกเฉิน"
doc.md,24,Header 2,"สิทธิ UCEP คืออะไร"
doc.md,24,Text,"(Universal Coverage for Emergency Patients)"
doc.md,24,Bulleted List,"สิทธิการรักษาตามนโยบายรัฐ เพื่อคุ้มครองผู้ป่วยฉุกเฉินวิกฤต"
doc.md,24,Bulleted List,"ให้สามารถเข้ารับการรักษาในรพ.ทุกแห่งที่ใกล้ที่สุดได้ โดยไม่ต้องเสียค่าใช้จ่ายจนพ้นวิกฤตและสามารถคลื่นย้ายได้อย่างปลอดภัย แต่ไม่เกิน 72 ชั่วโมง"
doc.md,24,Header 2,"อาการอย่างไร ที่เข้าข่ายกรณีฉุกเฉินวิกฤต"
doc.md,24,Bulleted List,"อาการฉุกเฉินวิกฤต ตามเกณฑ์ที่สถาบันการแพทย์ฉุกเฉินแห่งชาติ (สพฉ.)กำหนดดังนี้"
doc.md,24,Bulleted List,"1. หมดสติ ไม่รู้สึกตัว ไม่หายใจ"
doc.md,24,Bulleted List,"2. หายใจเร็ว หอบเหนื่อยรุนแรง หายใจติดขัดมีเสียงดัง"
doc.md,24,Bulleted List,"3. ซึมลง เหนื่อยล้า ตัวเย็น หรือมีอาการชักร่วม"
doc.md,24,Bulleted List,"4. เจ็บหน้าอกเดือดร้อนรุนแรง"
doc.md,24,Bulleted List,"5. แขนขาอ่อนแรงครึ่งซีก พูดไม่ชัดแบบปัจจุบันทันด่วน หรือชักต่อเนื่องไม่หยุด"
doc.md,24,Bulleted List,"6. หรือมีอาการอื่นๆ ที่มีผลต่อการหายใจ ระบบไหลเวียนโลหิต และระบบสมองที่อาจเป็นอันตรายต่อชีวิต"
doc.md,24,Header 2,"กรณีผู้ป่วยพื้นที่วิกฤตหรือเกิน 72 ชั่วโมงแล้ว จะมีการดำเนินการเรื่องการรับ-ส่งต่อผู้ป่วย หรือมีมาตรการใดที่ช่วยหา rพ. รับส่งต่อหรือไม่"
doc.md,24,Bulleted List,"สิทธิหลักประกันสุขภาพแห่งชาติ ติดต่อผ่านสายด่วน สปสช. 1330"
doc.md,24,Bulleted List,"สิทธิสวัสดิการรักษาพยาบาลข้าราชการ โดยกระทรวงสาธารณสุขทำหน้าที่ในการจัดระบบและดำเนินการในเรื่องการรับ-ส่งต่อโดย สพฉ. เป็นผู้ประสานงานร่วมกับ rพ.ราชวิถี ติดต่อ 02-2062910"
doc.md,24,Bulleted List,"สิทธิประกันสังคม ประสานผ่าน rพ.ตามสิทธิประกันสังคมของผู้ป่วย หรือติดต่อสายด่วน 1506"
doc.md,25,Header 1,การใช้สิทธิกรณีอุบัติเหตุ
doc.md,25,Header 2,เจ็บป่วยฉุกเฉิน
doc.md,25,Bulleted List,หากมีข้อสงสัยหรือข้อโต๊ะแย้งเรื่องอาการของผู้ป่วยฉุกเฉินวิกฤตสามารถติดต่อสอบถามข้อมูลร้องเรียนอุทธรณ์เกี่ยวกับการประเมินภาวะฉุกเฉินวิกฤตได้ที่ไหน
doc.md,25,Header 2,ข้อมูลติดต่อ
doc.md,25,Text,"1. กรณีพบอาการอุทธรณ์สามารถติดต่อศูนย์ประสานงานคุมครองสิทธิผู้ป่วยฉุกเฉินวิกฤต สถาบันการแพทย์ฉุกเฉินแห่งชาติ (ศคส.สพด.) ได้ที่"
doc.md,25,Bulleted List,"โทรศัพท์หมายเลข 02-8721669"
doc.md,25,Bulleted List,"E-mail 1669@niems.go.th"
doc.md,25,Bulleted List,"จดหมายส่งถึงศูนย์ประสานงานคุมครองสิทธิผู้ป่วยฉุกเฉินวิกฤต สถาบันการแพทย์ฉุกเฉินแห่งชาติ เลขที่ 88/40 หมู่ 4 สารารณสุขซอย 6 (ภายในกระทรวงสาธารณสุข) ถนนติวานนท์ ตำบลตลาดขวัญ อำเภอเมือง จังหวัดนนทบุรี 11000"
doc.md,25,Text,"2. กรณีถูกเรียกเก็บเงินค่ารักษาพยาบาล ติดต่อกรมสนับสนุนบริการสุขภาพ (สบส.) โทรศัพท์หมายเลข 02-1937057 หรือสายด่วน 1426 ในวันและเวลาราชการ"
doc.md,25,Header 2,คำถาม
doc.md,25,Bulleted List,หากเกิดอุบัติเหตุจากรถจะใช้สิทธิหลักประกันสุขภาพแห่งชาติได้หรือไม่
doc.md,25,Header 2,คำตอบ
doc.md,25,Bulleted List,"ต้องใช้สิทธิตาม พ.ร.บ.คุ้มครองผู้ประสบภัยจากรถหมดก่อน ส่วนเกินจึงจะใช้สิทธิหลักประกันสุขภาพแห่งชาติได้"
doc.md,25,Header 2,ถาม
doc.md,25,Bulleted List,"ต้องใช้สิทธิตาม พ.ร.บ.คุ้มครองผู้ประสบภัยจากรถในวงเงินเท่าไร ถึงจะใช้สิทธิหลักประกันสุขภาพแห่งชาติต่อได้"
doc.md,25,Header 2,ตอบ
doc.md,25,Bulleted List,"คำเสียหายเบื้องต้นตาม พ.ร.บ.คุ้มครองผู้ประสบภัยจากรถ กำหนดให้ผู้ขับขี่ 30,000 บาท ผู้โดยสารหรือบุคคลภายนอกได้รับความคุ้มครองอยู่ที่ 80,000 บาท"
doc.md,26,Header 1,การใช้สิทธิกรณีอุบัติเหตุเจ็บป่วยฉุกเฉิน
doc.md,26,Header 2,Q&A
doc.md,26,Q&A,"Q: ขับรถจักรยานยนต์ข้ามสะพานมิตรภาพไทย-ลาว เพื่อไปซื้อของฝั่งประเทศเพื่อนบ้าน รถเกิดเฉี่ยวชนสุนักแล้วล้มคว่ำ ทำให้ขาหักและมีแผลพุพองจากการโดนท่อไอเสีย กรณีนี้จะได้สิทธิรักษาจาก พ.ร.บ.คุ้มครองผู้ประสบภัยจากรถหรือไม่ | A: ไม่ได้ เนื่องจาก พ.ร.บ.ดังกล่าวคุ้มครองอุบัติเหตุจากรถที่เกิดในราชอาณาจักรไทยเท่านั้น"
doc.md,26,Q&A,"Q: นั่งช้อนท้ายรถจักรยานยนต์ ชนกับฟุตบาทล้ม แต่รถไม่มี พ.ร.บ. จะใช้สิทธิหลักประกันสุขภาพแห่งชาติในการรักษาได้หรือไม่ | A: ไม่ได้ ทั้งผู้ขับขี่และผู้โดยสาร ต้องเบิกค่ารักษาจากกองทุนทดแทน ผู้ประสบภัยจากรถก่อน ส่วนเกินจึงจะใช้สิทธิหลักประกันสุขภาพแห่งชาติได้"
doc.md,26,Q&A,"Q: ข้ามถนนใต้สะพานลอยแล้วถูกรถชน ไปเบิกค่ารักษาพยาบาล จากบริษัทที่รับทำประกันภัย แต่ถูกปฏิเสธการจ่าย อ้างว่าผู้ป่วยเป็นฝ่ายผิด กรณีนี้จะใช้สิทธิหลักประกันสุขภาพแห่งชาติรักษาตั้งแต่แรกได้หรือไม่ | A: ไม่ได้ ผู้ป่วยต้องใช้สิทธิตาม พ.ร.บ.คุ้มครองผู้ประสบภัยจากรถในวงเงินคุ้มครองความเสียหายเบื้องต้นก่อน หากรถที่ชนมีประกันภัยรถยนต์ภาคสมัครใจร่วมด้วย ส่วนที่เกินจากความรับผิดชอบของ พ.ร.บ.คุ้มครองผู้ประสบภัยจากรถ และบริษัทประกันภัย จึงจะใช้สิทธิหลักประกันสุขภาพแห่งชาติได้"
doc.md,26,Q&A,"Q: รถสองแกวจนะจอดส่งผู้โดยสาร มีผู้โดยสารเสียหลักพลัดตกจากรถ กรณีนี้ต้องใช้สิทธิการรักษาพยาบาลอย่างไร | A: ต้องใช้สิทธิ พ.ร.บ.คุ้มครองผู้ประสบภัยจากรถก่อน เพราะถือว่ารถอยู่ระหว่างการใช้งาน ส่วนเกินจึงจะสามารถใช้สิทธิหลักประกันสุขภาพแห่งชาติได้"
doc.md,27,Header 1,การใช้สิทธิ์ว่าง
doc.md,27,Header 2,"ผู้ป่วยโรคหอบ รักษา รพ.รัฐ ใกล้บ้าน"
doc.md,27,Bulleted List,"เจ้าหน้าที่ รพ. ตรวจสอบสิทธิจากเลขประจำตัวประชาชน"
doc.md,27,Bulleted List,"พบว่าไม่มีสิทธิในการรักษาใดๆ (สิทธิว่าง) จะใช้สิทธิหลักประกันสุขภาพแห่งชาติในการรักษาได้หรือไม่"
doc.md,27,Bulleted List,โดยแจ้งให้สิทธิหลักประกันสุขภาพแห่งชาติพร้อมนำเอกสารมาให้เจ้าหน้าที่ดำเนินการลงทะเบียนให้
doc.md,27,Header 2,"ลาออกจากการงานมา 1 ปี หมดสิทธิประกันสังคมแล้ว"
doc.md,27,Bulleted List,ไปรักษาโรคนี้ในถุงน้ำดี แจ้งใช้สิทธิหลักประกันสุขภาพแห่งชาติ
doc.md,27,Bulleted List,"เจ้าหน้าที่ตรวจสอบพบว่ามีสิทธิประกันสังคม ญาติติดคำเนินการแก้ไขสิทธิแล้ว ผู้ป่วยจะใช้สิทธิหลักประกันสุขภาพแห่งชาติได้ตั้งแต่เมื่อไร"
doc.md,27,Bulleted List,ใช้สิทธิได้ตั้งแต่แรกเข้า เนื่องจากรณีดังกล่าวเป็นความคลาดเคลื่อนของข้อมูล
doc.md,27,Header 2,"ผู้ป่วยเพิ่งเริ่มทำงานได้ 2 เดือน มีอาการก่ายท้องเป็นเลือด เข้า รพ."
doc.md,27,Bulleted List,"แพทย์ตรวจพบว่ากระเพาะทะลุ รับไว้เป็นคนไข้ใน ตรวจสอบสิทธิ"
doc.md,27,Bulleted List,พบว่าเป็นสิทธิประกันสังคม กรุณาต้องใช้สิทธิในการรักษา
doc.md,27,Bulleted List,ใช้สิทธิหลักประกันสุขภาพแห่งชาติ เนื่องจากผู้ประกันตนที่ส่งเงินสมทบไม่ครบ 3 เดือน
doc.md,27,Bulleted List,ยังไม่ได้รับสิทธิด้านการรักษาพยาบาลตามกฎหมายประกันสังคม แนะนำติดต่อสำนักงานประกันสังคมเขตพื้นที่เพื่อขอหนังสือรับรองว่าส่งเงินสมทบไม่ครบ 3 เดือน
doc.md,27,Bulleted List,"แจ้งขอใช้สิทธิกับหน่วยบริการในระบบของ สปสช. ได้ทุกแห่ง"
doc.md,27,Header 2,"ผู้ป่วยไม่มีสิทธิรักษาพยาบาลใดๆ (สิทธิว่าง)"
doc.md,27,Bulleted List,"ป่วยเป็นโรคเนื้องอกในสมอง เข้ารักษา รพ.ตามสิทธิแล้วเกินศักยภาพ แพทย์ต้องส่งตัวไปยัง รพ. เฉพาะทาง"
doc.md,27,Bulleted List,จะใช้สิทธิหลักประกันสุขภาพแห่งชาติอย่างไร
doc.md,27,Bulleted List,"ผู้ป่วยสามารถใช้สิทธิว่างในการรักษาพยาบาลต่อเนื่องได้ทั้ง 2 รพ."
doc.md,28,Header 1,การใช้สิทธิ์ว่าง
doc.md,28,Header 2,"ผู้ป่วยสิทธิ์ว่าง หลังเลือดคั่งในสมอง rw."
doc.md,28,Bulleted List,"กรุณาสิทธิ์ว่าง วันรุ่งขึ้นจ้าหน้าที่ rw. ตรวจสอบสิทธิพบว่า"
doc.md,28,Bulleted List,"ผู้ป่วยมีสิทธิประกันสังคมแล้ว กรุณานี้ต้องทำอย่างไร"
doc.md,28,Header 3,A
doc.md,28,Bulleted List,"นโยบาย 4 กองทุน (กรมบัญชีกลาง อปท. ประกันสังคม)"
doc.md,28,Bulleted List,"หลักประกันสุขภาพแห่งชาติ) กรุณาสิทธิเปลี่ยนระหว่าง Admit (IPD)"
doc.md,28,Bulleted List,"ให้ยืดสิทธิแรกเข้า จนสิ้นสุดการรักษาในครั้งนั้น กรุณานี้"
doc.md,28,Bulleted List,ผู้ป่วยต้องใช้สิทธิหลักประกันสุขภาพแห่งชาติ
doc.md,28,Header 2,"ผู้ป่วยสิทธิ์ว่าง เข้ารักษา rw."
doc.md,28,Bulleted List,ในระบบหลักประกันสุขภาพแห่งชาติ
doc.md,28,Bulleted List,ต่อมาเสียชีวิตก่อนลงทะเบียนทำบัตรทอง
doc.md,28,Bulleted List,การรักษาครั้งนี้จะใช้สิทธิหลักประกันสุขภาพแห่งชาติได้หรือไม่
doc.md,28,Header 3,A
doc.md,28,Bulleted List,"ใช้สิทธิได้ โดย rw. ที่ให้การรักษาเรียกเก็บค่าใช้จ่าย"
doc.md,28,Bulleted List,จากกองทุนหลักประกันสุขภาพแห่งชาติ
doc.md,28,Header 2,"เด็กแรกเกิดป่วย ต้องนอนตู้อบ แต่ rw. ไม่มีตู้อบ"
doc.md,28,Bulleted List,"ต้องส่งต่อไปอีก rw. กรุณานี้จะเสียค่าใช้จ่ายหรือไม่"
doc.md,28,Header 3,A
doc.md,28,Bulleted List,"ไม่เสียค่าใช้จ่าย หากเข้ารับการรักษาใน rw.ของรัฐ หรือเอกชน"
doc.md,28,Bulleted List,"ที่อยู่ในระบบหลักประกันสุขภาพแห่งชาติ ทั้ง 2 rw. ที่ให้การรักษา"
doc.md,28,Bulleted List,เรียกเก็บค่าใช้จ่ายจากกองทุนหลักประกันสุขภาพแห่งชาติ
doc.md,28,Header 2,"เด็กเกิดมา 3 ชั่วโมงแล้วเสียชีวิตก่อนลงทะเบียนทำบัตรทอง"
doc.md,28,Bulleted List,กรุณานี้ใช้สิทธิหลักประกันสุขภาพแห่งชาติได้หรือไม่
doc.md,28,Header 3,A
doc.md,28,Bulleted List,"ได้ หากเข้ารับการรักษาใน rw.ของรัฐหรือเอกชนที่อยู่ในระบบหลักประกัน"
doc.md,28,Bulleted List,"สุขภาพแห่งชาติ โดย rw.ที่ให้การรักษาเรียกเก็บค่าใช้จ่ายจากกองทุน"
doc.md,28,Bulleted List,หลักประกันสุขภาพแห่งชาติ
doc.md,29,Header 1,ช่องทางการตรวจสอบสิทธิ์
doc.md,29,Header 2,"1. แอปพลิเคชัน สปสช."
doc.md,29,Bulleted List,"สวัสดีครัช 1330"
doc.md,29,Header 2,"2. Line @nhso"
doc.md,29,Bulleted List,"LINE OA สปสช."
doc.md,29,Header 2,"3. Traffy Fondue"
doc.md,29,Header 2,"4. Website สปสช."
doc.md,29,Bulleted List,(เมนูสำหรับประชาชน)
doc.md,29,Header 2,"5. สายด่วน สปสช."
doc.md,29,Table,"1 | 3 | 3"
doc.md,29,Table,"กด 2 | (เมนูตรวจสอบสิทธิอัตโนมัติ) | "
doc.md,29,Header 2,"6. ติดต่อหน่วยบริการใกล้บ้าน"
doc.md,29,Header 3,"หมายเหตุ:"
doc.md,29,Bulleted List,"กรณีเปลี่ยนแปลงชื่อ-นามสกุล และที่อยู่ กับสำนักบริหารการทะเบียน (สน.บก.) มาแล้ว แต่ฐานข้อมูลของ สปสช. ยังไม่ได้อัปเดต สามารถแจ้งสายด่วน สปสช. 1330 ให้ปรับปรุงข้อมูลให้เป็นปัจจุบันได้"
doc.md,30,Header 1,ช่องทางแจ้งเรื่องร้องเรียนร้องทุกข์
doc.md,30,Header 2,ช่องทางการติดต่อ
doc.md,30,Bulleted List,"สายด่วน สปสช. 1330"
doc.md,30,Bulleted List,"Facebook สปสช."
doc.md,30,Bulleted List,"Line @nhso"
doc.md,30,Bulleted List,@traffyfondue
doc.md,30,Bulleted List,"แอปพลิเคชัน “สปสช.” เมนูความช่วยเหลือ"
doc.md,30,Bulleted List,"หน่วยงานบริการที่เป็นอิสระจากผู้ถูกกล่าวหาในข้อเท็จจริงที่เป็นไปตามมาตรา 50(5)"
doc.md,30,Bulleted List,ศูนย์ประสานงานหลักประกันสุขภาพประชาชน
doc.md,30,Bulleted List,ศูนย์บริการหลักประกันสุขภาพในหน่วยบริการ
doc.md,30,Bulleted List,"สำนักงานหลักประกันสุขภาพแห่งชาติสาขาเขต 13 เขต"
doc.md,30,Bulleted List,"ศูนย์บริการหลักประกันสุขภาพ สปสช. ชั้น 2 อาคารศูนย์ราชการเฉลิมพระเกียรติ (อาคารบี) ถนนแจ้งวัฒนะ กรุงเทพมหานคร"
doc.md,31,Header 1,แหล่งข้อมูล
doc.md,31,Header 2,อ้างอิง
doc.md,31,Bulleted List,"ประกาศคณะกรรมการหลักประกันสุขภาพแห่งชาติ เรื่องหลักเกณฑ์การดำเนินงานและการบริหารจัดการ กองทุนหลักประกันสุขภาพแห่งชาติ ปีงบประมาณ พ.ศ. 2566 และหลักเกณฑ์ วิธีการและเงื่อนไขการรับค่าใช้จ่าย เพื่อบริการสาธารณสุข ของหน่วยบริการ พ.ศ. 2565"
doc.md,31,Bulleted List,"แนวทางปฏิบัติในการขอรับค่าใช้จ่ายเพื่อบริการสาธารณสุข กรณีเป็นช่วงไปรับบริการในหน่วยบริการอื่น กรณีที่มีเหตุสมควร พ.ศ. 2564"
doc.md,31,Bulleted List,"ข้อบังคับคณะกรรมการหลักประกันสุขภาพแห่งชาติว่าด้วยการใช้สิทธิรับบริการสาธารณสุขกรณีที่มีเหตุสมควร กรณีฉุบฉุกเฉิน (ฉบับที่ 3) พ.ศ. 2565"
doc.md,31,Bulleted List,"ประกาศคณะกรรมการหลักประกันสุขภาพแห่งชาติ เรื่องประเภทและขอบเขตของบริการสาธารณสุข พ.ศ. 2565"
doc.md,31,Bulleted List,"แนวทางปฏิบัติในการขอรับค่าใช้จ่ายเพื่อบริการสาธารณสุขในการให้บริการกรณีโรคระบาดเรื้อรังบริการที่ไหนก็ได้ ที่พร้อมในระบบหลักประกันสุขภาพแห่งชาติปีงบประมาณ 2564"
doc.md,31,Bulleted List,"แนวทางของรับค่าใช้จ่ายเพื่อบริการสาธารณสุขในระบบหลักประกันสุขภาพแห่งชาติ ปีงบประมาณ 2564 (ฉบับเพิ่มเติม)"
doc.md,31,Bulleted List,"ประกาศสำนักงานหลักประกันสุขภาพแห่งชาติ เรื่องการจ่ายค่าใช้จ่ายเพื่อบริการสาธารณสุข กรณีบริการผู้ป่วย โรคติดเชื้ออุบัติ พ.ศ. 2566"
doc.md,31,Bulleted List,"ประกาศสำนักงานหลักประกันสุขภาพแห่งชาติ เรื่องการจ่ายค่าใช้จ่ายเพื่อบริการสาธารณสุข กรณีบริการผู้ป่วย ผู้ติดเชื้อเอชไอวี ผู้ป่วยเอดส์ และบริการป้องกันการติดเชื้อเอชไอวี พ.ศ. 2566"
doc.md,31,Bulleted List,"ประกาศคณะกรรมการหลักประกันสุขภาพแห่งชาติ เรื่อง ประเภทและขอบเขตของบริการสาธารณสุข พ.ศ. 2565 (บัญชีหมายเลข 1 แนบท้ายประกาศคณะกรรมการหลักประกันสุขภาพแห่งชาติ เรื่องประเภทและขอบเขตของ บริการสาธารณสุข พ.ศ. 2565 ลงวันที่ 9 พ.ค. 2565)"
doc.md,31,Bulleted List,"ประกาศคณะกรรมการหลักประกันสุขภาพแห่งชาติ เรื่องประเภทและขอบเขตของบริการสาธารณสุข พ.ศ. 2565 (บัญชีหมายเลข 4 แนบท้ายประกาศคณะกรรมการหลักประกันสุขภาพแห่งชาติ เรื่องประเภทและขอบเขตของ ของบริการสาธารณสุข พ.ศ. 2565 ลงวันที่ 9 พ.ค. 2565)"
doc.md,31,Bulleted List,"พระราชบัญญัติหลักประกันสุขภาพแห่งชาติ พ.ศ. 2545 มาตรา 7 และมาตรา 8"
doc.md,31,Bulleted List,"ประกาศสำนักงานหลักประกันสุขภาพแห่งชาติ เรื่องการจ่ายค่าใช้จ่ายเพื่อบริการสาธารณสุข กรณีบริการสำหรับ โรคไวรัสตับอักเสบซี พ.ศ. 2566"
doc.md,31,Bulleted List,"ประกาศคณะกรรมการหลักประกันสุขภาพแห่งชาติ เรื่องการใช้สิทธิรับบริการสาธารณสุขกรณีเจ็บป่วยฉุกเฉิน ประกาศ ณ วันที่ 31 กรกฎาคม พ.ศ. 2551"
doc.md,31,Bulleted List,"คู่มือแนวทางปฏิบัติในการขอรับค่าใช้จ่ายเพื่อบริการสาธารณสุข ปีงบประมาณ 2565"
doc.md,31,Bulleted List,"ประกาศสำนักงานหลักประกันสุขภาพแห่งชาติ เรื่องการจ่ายค่าใช้จ่ายเพื่อบริการสาธารณสุข กรณีบริการเว้นตา สำหรับเด็กที่มีสายตาผิดปกติ พ.ศ. 2564"
doc.md,31,Bulleted List,"แนวทางการดำเนินงานตามโครงการสนับสนุนผ้าอ้อมผู้ใหญ่ สำหรับบุคคลที่มีภาวะพึ่งพิง และบุคคลที่มีภาวะปัญหา การกลั่นปัสสาวะหรืออุจจาระไม่ได้"
doc.md,31,Bulleted List,"หนังสือเวียดนามซักซ้อมความเข้าใจแนวทางการดำเนินงานตามโครงการสนับสนุนผ้าอ้อมผู้ใหญ่สำหรับบุคคลที่มีภาวะพึ่งพิง และบุคคลที่มีภาวะปัญหาการกลั่นปัสสาวะหรืออุจจาระไม่ได้"
doc.md,31,Bulleted List,"แนวทางปฏิบัติการของรับค่าใช้จ่ายค่าบริการสาธารณสุขสำหรับผู้ป่วยโรคโควิด-19 ในระบบหลักประกันสุขภาพแห่งชาติ ปีงบประมาณ 2565 เพื่อรองรับการเป็นโรคประจำถิ่น"
doc.md,32,Header 1,เรื่องนี้
doc.md,32,Header 2,มีคำตอบ
doc.md,32,Bulleted List,1330